,timestamp,length,ra
0,2025-05-07 18:46:34.909370,38,f0:57:a6:a6:b6:b6
1,2025-05-07 18:46:34.909455,38,f0:57:a6:a6:b6:b6
2,2025-05-07 18:46:34.971038,38,f0:57:a6:a6:b6:b6
3,2025-05-07 18:46:34.971124,38,f0:57:a6:a6:b6:b6
4,2025-05-07 18:46:35.015458,38,f0:57:a6:a6:b6:b6
5,2025-05-07 18:46:35.015777,38,f0:57:a6:a6:b6:b6
6,2025-05-07 18:46:35.015930,38,f0:57:a6:a6:b6:b6
7,2025-05-07 18:46:35.016008,38,f0:57:a6:a6:b6:b6
8,2025-05-07 18:46:35.103657,38,f0:57:a6:a6:b6:b6
9,2025-05-07 18:46:35.103852,38,f0:57:a6:a6:b6:b6
10,2025-05-07 18:46:35.104008,38,f0:57:a6:a6:b6:b6
11,2025-05-07 18:46:35.104252,80,f0:57:a6:a6:b6:b6
12,2025-05-07 18:46:35.202972,38,f0:57:a6:a6:b6:b6
13,2025-05-07 18:46:35.205842,38,f0:57:a6:a6:b6:b6
14,2025-05-07 18:46:35.205965,80,f0:57:a6:a6:b6:b6
15,2025-05-07 18:46:35.283450,38,f0:57:a6:a6:b6:b6
16,2025-05-07 18:46:35.283528,38,f0:57:a6:a6:b6:b6
17,2025-05-07 18:46:35.283803,38,f0:57:a6:a6:b6:b6
18,2025-05-07 18:46:35.284010,80,f0:57:a6:a6:b6:b6
19,2025-05-07 18:46:35.342148,38,f0:57:a6:a6:b6:b6
20,2025-05-07 18:46:35.342225,38,f0:57:a6:a6:b6:b6
21,2025-05-07 18:46:35.362110,38,f0:57:a6:a6:b6:b6
22,2025-05-07 18:46:35.362186,38,f0:57:a6:a6:b6:b6
23,2025-05-07 18:46:35.665051,38,f0:57:a6:a6:b6:b6
24,2025-05-07 18:46:35.665265,38,f0:57:a6:a6:b6:b6
25,2025-05-07 18:46:35.712236,38,f0:57:a6:a6:b6:b6
26,2025-05-07 18:46:35.712313,38,f0:57:a6:a6:b6:b6
27,2025-05-07 18:46:35.720653,38,f0:57:a6:a6:b6:b6
28,2025-05-07 18:46:35.720913,80,f0:57:a6:a6:b6:b6
29,2025-05-07 18:46:35.738729,38,f0:57:a6:a6:b6:b6
30,2025-05-07 18:46:35.738851,80,f0:57:a6:a6:b6:b6
31,2025-05-07 18:46:35.752268,38,f0:57:a6:a6:b6:b6
32,2025-05-07 18:46:35.752390,80,f0:57:a6:a6:b6:b6
33,2025-05-07 18:46:35.771955,80,f0:57:a6:a6:b6:b6
34,2025-05-07 18:46:35.773011,38,f0:57:a6:a6:b6:b6
35,2025-05-07 18:46:35.773088,38,f0:57:a6:a6:b6:b6
36,2025-05-07 18:46:35.773251,38,f0:57:a6:a6:b6:b6
37,2025-05-07 18:46:35.773340,38,f0:57:a6:a6:b6:b6
38,2025-05-07 18:46:35.798783,38,f0:57:a6:a6:b6:b6
39,2025-05-07 18:46:35.799156,80,f0:57:a6:a6:b6:b6
40,2025-05-07 18:46:35.799444,38,f0:57:a6:a6:b6:b6
41,2025-05-07 18:46:35.799521,38,f0:57:a6:a6:b6:b6
42,2025-05-07 18:46:35.805399,38,f0:57:a6:a6:b6:b6
43,2025-05-07 18:46:35.806164,38,f0:57:a6:a6:b6:b6
44,2025-05-07 18:46:35.806693,80,f0:57:a6:a6:b6:b6
45,2025-05-07 18:46:35.836970,38,f0:57:a6:a6:b6:b6
46,2025-05-07 18:46:35.845146,38,f0:57:a6:a6:b6:b6
47,2025-05-07 18:46:35.845411,80,f0:57:a6:a6:b6:b6
48,2025-05-07 18:46:35.845687,38,f0:57:a6:a6:b6:b6
49,2025-05-07 18:46:35.853308,38,f0:57:a6:a6:b6:b6
50,2025-05-07 18:46:35.855742,80,f0:57:a6:a6:b6:b6
51,2025-05-07 18:46:35.876757,38,f0:57:a6:a6:b6:b6
52,2025-05-07 18:46:35.876896,80,f0:57:a6:a6:b6:b6
53,2025-05-07 18:46:35.881838,80,f0:57:a6:a6:b6:b6
54,2025-05-07 18:46:35.882968,38,f0:57:a6:a6:b6:b6
55,2025-05-07 18:46:35.892446,38,f0:57:a6:a6:b6:b6
56,2025-05-07 18:46:35.892568,80,f0:57:a6:a6:b6:b6
57,2025-05-07 18:46:35.894814,38,f0:57:a6:a6:b6:b6
58,2025-05-07 18:46:35.894935,80,f0:57:a6:a6:b6:b6
59,2025-05-07 18:46:35.895088,38,f0:57:a6:a6:b6:b6
60,2025-05-07 18:46:35.895164,38,f0:57:a6:a6:b6:b6
61,2025-05-07 18:46:35.899607,38,f0:57:a6:a6:b6:b6
62,2025-05-07 18:46:35.899729,80,f0:57:a6:a6:b6:b6
63,2025-05-07 18:46:35.902180,38,f0:57:a6:a6:b6:b6
64,2025-05-07 18:46:35.902303,80,f0:57:a6:a6:b6:b6
65,2025-05-07 18:46:35.904556,38,f0:57:a6:a6:b6:b6
66,2025-05-07 18:46:35.904677,80,f0:57:a6:a6:b6:b6
67,2025-05-07 18:46:35.913147,80,f0:57:a6:a6:b6:b6
68,2025-05-07 18:46:35.913599,80,f0:57:a6:a6:b6:b6
69,2025-05-07 18:46:35.913878,38,f0:57:a6:a6:b6:b6
70,2025-05-07 18:46:35.914121,80,f0:57:a6:a6:b6:b6
71,2025-05-07 18:46:35.914277,38,f0:57:a6:a6:b6:b6
72,2025-05-07 18:46:35.914398,80,f0:57:a6:a6:b6:b6
73,2025-05-07 18:46:35.933283,38,f0:57:a6:a6:b6:b6
74,2025-05-07 18:46:35.933649,80,f0:57:a6:a6:b6:b6
75,2025-05-07 18:46:35.943331,38,f0:57:a6:a6:b6:b6
76,2025-05-07 18:46:35.943448,80,f0:57:a6:a6:b6:b6
77,2025-05-07 18:46:35.956835,38,f0:57:a6:a6:b6:b6
78,2025-05-07 18:46:35.957322,80,f0:57:a6:a6:b6:b6
79,2025-05-07 18:46:35.969456,38,f0:57:a6:a6:b6:b6
80,2025-05-07 18:46:35.969860,80,f0:57:a6:a6:b6:b6
81,2025-05-07 18:46:35.970235,38,f0:57:a6:a6:b6:b6
82,2025-05-07 18:46:35.970346,80,f0:57:a6:a6:b6:b6
83,2025-05-07 18:46:35.978970,38,f0:57:a6:a6:b6:b6
84,2025-05-07 18:46:35.979435,80,f0:57:a6:a6:b6:b6
85,2025-05-07 18:46:35.988159,38,f0:57:a6:a6:b6:b6
86,2025-05-07 18:46:35.988535,38,f0:57:a6:a6:b6:b6
87,2025-05-07 18:46:35.988650,80,f0:57:a6:a6:b6:b6
88,2025-05-07 18:46:36.000625,38,f0:57:a6:a6:b6:b6
89,2025-05-07 18:46:36.001209,80,f0:57:a6:a6:b6:b6
90,2025-05-07 18:46:36.008643,38,f0:57:a6:a6:b6:b6
91,2025-05-07 18:46:36.010575,80,f0:57:a6:a6:b6:b6
92,2025-05-07 18:46:36.011160,38,f0:57:a6:a6:b6:b6
93,2025-05-07 18:46:36.012003,38,f0:57:a6:a6:b6:b6
94,2025-05-07 18:46:36.012424,38,f0:57:a6:a6:b6:b6
95,2025-05-07 18:46:36.026625,38,f0:57:a6:a6:b6:b6
96,2025-05-07 18:46:36.026881,80,f0:57:a6:a6:b6:b6
97,2025-05-07 18:46:36.028004,38,f0:57:a6:a6:b6:b6
98,2025-05-07 18:46:36.028386,80,f0:57:a6:a6:b6:b6
99,2025-05-07 18:46:36.028837,38,f0:57:a6:a6:b6:b6
100,2025-05-07 18:46:36.028975,80,f0:57:a6:a6:b6:b6
101,2025-05-07 18:46:36.046879,38,f0:57:a6:a6:b6:b6
102,2025-05-07 18:46:36.047363,80,f0:57:a6:a6:b6:b6
103,2025-05-07 18:46:36.058275,38,f0:57:a6:a6:b6:b6
104,2025-05-07 18:46:36.058397,80,f0:57:a6:a6:b6:b6
105,2025-05-07 18:46:36.067519,38,f0:57:a6:a6:b6:b6
106,2025-05-07 18:46:36.067762,80,f0:57:a6:a6:b6:b6
107,2025-05-07 18:46:36.068030,38,f0:57:a6:a6:b6:b6
108,2025-05-07 18:46:36.068266,80,f0:57:a6:a6:b6:b6
109,2025-05-07 18:46:36.077370,38,f0:57:a6:a6:b6:b6
110,2025-05-07 18:46:36.077491,80,f0:57:a6:a6:b6:b6
111,2025-05-07 18:46:36.079802,38,f0:57:a6:a6:b6:b6
112,2025-05-07 18:46:36.080062,80,f0:57:a6:a6:b6:b6
113,2025-05-07 18:46:36.084472,38,f0:57:a6:a6:b6:b6
114,2025-05-07 18:46:36.084549,38,f0:57:a6:a6:b6:b6
115,2025-05-07 18:46:36.091272,38,f0:57:a6:a6:b6:b6
116,2025-05-07 18:46:36.091939,80,f0:57:a6:a6:b6:b6
117,2025-05-07 18:46:36.092228,38,f0:57:a6:a6:b6:b6
118,2025-05-07 18:46:36.092305,38,f0:57:a6:a6:b6:b6
119,2025-05-07 18:46:36.100849,38,f0:57:a6:a6:b6:b6
120,2025-05-07 18:46:36.101460,38,f0:57:a6:a6:b6:b6
121,2025-05-07 18:46:36.101585,80,f0:57:a6:a6:b6:b6
122,2025-05-07 18:46:36.103099,38,f0:57:a6:a6:b6:b6
123,2025-05-07 18:46:36.103221,80,f0:57:a6:a6:b6:b6
124,2025-05-07 18:46:36.103377,38,f0:57:a6:a6:b6:b6
125,2025-05-07 18:46:36.103454,38,f0:57:a6:a6:b6:b6
126,2025-05-07 18:46:36.112004,38,f0:57:a6:a6:b6:b6
127,2025-05-07 18:46:36.112129,80,f0:57:a6:a6:b6:b6
128,2025-05-07 18:46:36.123051,38,f0:57:a6:a6:b6:b6
129,2025-05-07 18:46:36.123289,80,f0:57:a6:a6:b6:b6
130,2025-05-07 18:46:36.123681,38,f0:57:a6:a6:b6:b6
131,2025-05-07 18:46:36.123803,80,f0:57:a6:a6:b6:b6
132,2025-05-07 18:46:36.123959,38,f0:57:a6:a6:b6:b6
133,2025-05-07 18:46:36.124081,80,f0:57:a6:a6:b6:b6
134,2025-05-07 18:46:36.132285,38,f0:57:a6:a6:b6:b6
135,2025-05-07 18:46:36.132405,80,f0:57:a6:a6:b6:b6
136,2025-05-07 18:46:36.136699,38,f0:57:a6:a6:b6:b6
137,2025-05-07 18:46:36.160517,38,f0:57:a6:a6:b6:b6
138,2025-05-07 18:46:36.160643,80,f0:57:a6:a6:b6:b6
139,2025-05-07 18:46:36.173129,38,f0:57:a6:a6:b6:b6
140,2025-05-07 18:46:36.173228,80,f0:57:a6:a6:b6:b6
141,2025-05-07 18:46:36.182307,80,f0:57:a6:a6:b6:b6
142,2025-05-07 18:46:36.182736,38,f0:57:a6:a6:b6:b6
143,2025-05-07 18:46:36.201982,38,f0:57:a6:a6:b6:b6
144,2025-05-07 18:46:36.202346,80,f0:57:a6:a6:b6:b6
145,2025-05-07 18:46:36.212922,38,f0:57:a6:a6:b6:b6
146,2025-05-07 18:46:36.213166,80,f0:57:a6:a6:b6:b6
147,2025-05-07 18:46:36.231955,38,f0:57:a6:a6:b6:b6
148,2025-05-07 18:46:36.232158,80,f0:57:a6:a6:b6:b6
149,2025-05-07 18:46:36.251758,38,f0:57:a6:a6:b6:b6
150,2025-05-07 18:46:36.252181,80,f0:57:a6:a6:b6:b6
151,2025-05-07 18:46:36.263771,38,f0:57:a6:a6:b6:b6
152,2025-05-07 18:46:36.267803,38,f0:57:a6:a6:b6:b6
153,2025-05-07 18:46:36.269074,252,f0:57:a6:a6:b6:b6
154,2025-05-07 18:46:36.269088,252,f0:57:a6:a6:b6:b6
155,2025-05-07 18:46:36.269102,252,f0:57:a6:a6:b6:b6
156,2025-05-07 18:46:36.269115,252,f0:57:a6:a6:b6:b6
157,2025-05-07 18:46:36.269128,252,f0:57:a6:a6:b6:b6
158,2025-05-07 18:46:36.269141,248,f0:57:a6:a6:b6:b6
159,2025-05-07 18:46:36.279566,38,f0:57:a6:a6:b6:b6
160,2025-05-07 18:46:36.289873,38,f0:57:a6:a6:b6:b6
161,2025-05-07 18:46:36.293959,38,f0:57:a6:a6:b6:b6
162,2025-05-07 18:46:36.295211,252,f0:57:a6:a6:b6:b6
163,2025-05-07 18:46:36.295226,252,f0:57:a6:a6:b6:b6
164,2025-05-07 18:46:36.295239,252,f0:57:a6:a6:b6:b6
165,2025-05-07 18:46:36.295252,252,f0:57:a6:a6:b6:b6
166,2025-05-07 18:46:36.295265,252,f0:57:a6:a6:b6:b6
167,2025-05-07 18:46:36.295278,248,f0:57:a6:a6:b6:b6
168,2025-05-07 18:46:36.305201,38,f0:57:a6:a6:b6:b6
169,2025-05-07 18:46:36.305621,38,f0:57:a6:a6:b6:b6
170,2025-05-07 18:46:36.305744,80,f0:57:a6:a6:b6:b6
171,2025-05-07 18:46:36.321968,80,f0:57:a6:a6:b6:b6
172,2025-05-07 18:46:36.329852,38,f0:57:a6:a6:b6:b6
173,2025-05-07 18:46:36.329988,80,f0:57:a6:a6:b6:b6
174,2025-05-07 18:46:36.342874,38,f0:57:a6:a6:b6:b6
175,2025-05-07 18:46:36.350408,80,f0:57:a6:a6:b6:b6
176,2025-05-07 18:46:36.354141,38,f0:57:a6:a6:b6:b6
177,2025-05-07 18:46:36.354275,80,f0:57:a6:a6:b6:b6
178,2025-05-07 18:46:36.357353,38,f0:57:a6:a6:b6:b6
179,2025-05-07 18:46:36.374228,38,f0:57:a6:a6:b6:b6
180,2025-05-07 18:46:36.374688,80,f0:57:a6:a6:b6:b6
181,2025-05-07 18:46:36.381271,38,f0:57:a6:a6:b6:b6
182,2025-05-07 18:46:36.381550,80,f0:57:a6:a6:b6:b6
183,2025-05-07 18:46:36.381856,38,f0:57:a6:a6:b6:b6
184,2025-05-07 18:46:36.381990,80,f0:57:a6:a6:b6:b6
185,2025-05-07 18:46:36.391584,38,f0:57:a6:a6:b6:b6
186,2025-05-07 18:46:36.391860,80,f0:57:a6:a6:b6:b6
187,2025-05-07 18:46:36.401882,38,f0:57:a6:a6:b6:b6
188,2025-05-07 18:46:36.401967,38,f0:57:a6:a6:b6:b6
189,2025-05-07 18:46:36.411686,38,f0:57:a6:a6:b6:b6
190,2025-05-07 18:46:36.411821,80,f0:57:a6:a6:b6:b6
191,2025-05-07 18:46:36.422050,38,f0:57:a6:a6:b6:b6
192,2025-05-07 18:46:36.422191,80,f0:57:a6:a6:b6:b6
193,2025-05-07 18:46:36.423199,80,f0:57:a6:a6:b6:b6
194,2025-05-07 18:46:36.423554,80,f0:57:a6:a6:b6:b6
195,2025-05-07 18:46:36.434252,38,f0:57:a6:a6:b6:b6
196,2025-05-07 18:46:36.434373,80,f0:57:a6:a6:b6:b6
197,2025-05-07 18:46:36.442621,38,f0:57:a6:a6:b6:b6
198,2025-05-07 18:46:36.444238,38,f0:57:a6:a6:b6:b6
199,2025-05-07 18:46:36.444493,80,f0:57:a6:a6:b6:b6
200,2025-05-07 18:46:36.455346,38,f0:57:a6:a6:b6:b6
201,2025-05-07 18:46:36.455602,80,f0:57:a6:a6:b6:b6
202,2025-05-07 18:46:36.459590,38,f0:57:a6:a6:b6:b6
203,2025-05-07 18:46:36.459671,38,f0:57:a6:a6:b6:b6
204,2025-05-07 18:46:36.475731,38,f0:57:a6:a6:b6:b6
205,2025-05-07 18:46:36.476037,80,f0:57:a6:a6:b6:b6
206,2025-05-07 18:46:36.483327,38,f0:57:a6:a6:b6:b6
207,2025-05-07 18:46:36.483458,80,f0:57:a6:a6:b6:b6
208,2025-05-07 18:46:36.494234,38,f0:57:a6:a6:b6:b6
209,2025-05-07 18:46:36.494356,80,f0:57:a6:a6:b6:b6
210,2025-05-07 18:46:36.509130,38,f0:57:a6:a6:b6:b6
211,2025-05-07 18:46:36.509252,80,f0:57:a6:a6:b6:b6
212,2025-05-07 18:46:36.519721,38,f0:57:a6:a6:b6:b6
213,2025-05-07 18:46:36.519843,80,f0:57:a6:a6:b6:b6
214,2025-05-07 18:46:36.520382,38,f0:57:a6:a6:b6:b6
215,2025-05-07 18:46:36.520642,80,f0:57:a6:a6:b6:b6
216,2025-05-07 18:46:36.523083,38,f0:57:a6:a6:b6:b6
217,2025-05-07 18:46:36.539456,38,f0:57:a6:a6:b6:b6
218,2025-05-07 18:46:36.539582,80,f0:57:a6:a6:b6:b6
219,2025-05-07 18:46:36.540008,38,f0:57:a6:a6:b6:b6
220,2025-05-07 18:46:36.540247,80,f0:57:a6:a6:b6:b6
221,2025-05-07 18:46:36.546306,38,f0:57:a6:a6:b6:b6
222,2025-05-07 18:46:36.547037,38,f0:57:a6:a6:b6:b6
223,2025-05-07 18:46:36.547762,38,f0:57:a6:a6:b6:b6
224,2025-05-07 18:46:36.547884,80,f0:57:a6:a6:b6:b6
225,2025-05-07 18:46:36.558063,38,f0:57:a6:a6:b6:b6
226,2025-05-07 18:46:36.558305,80,f0:57:a6:a6:b6:b6
227,2025-05-07 18:46:36.570499,38,f0:57:a6:a6:b6:b6
228,2025-05-07 18:46:36.570575,38,f0:57:a6:a6:b6:b6
229,2025-05-07 18:46:36.581513,38,f0:57:a6:a6:b6:b6
230,2025-05-07 18:46:36.581745,80,f0:57:a6:a6:b6:b6
231,2025-05-07 18:46:36.581900,38,f0:57:a6:a6:b6:b6
232,2025-05-07 18:46:36.582022,80,f0:57:a6:a6:b6:b6
233,2025-05-07 18:46:36.590277,38,f0:57:a6:a6:b6:b6
234,2025-05-07 18:46:36.591246,38,f0:57:a6:a6:b6:b6
235,2025-05-07 18:46:36.599652,80,f0:57:a6:a6:b6:b6
236,2025-05-07 18:46:36.605317,38,f0:57:a6:a6:b6:b6
237,2025-05-07 18:46:36.605440,80,f0:57:a6:a6:b6:b6
238,2025-05-07 18:46:36.627470,80,f0:57:a6:a6:b6:b6
239,2025-05-07 18:46:36.644061,38,f0:57:a6:a6:b6:b6
240,2025-05-07 18:46:36.644323,80,f0:57:a6:a6:b6:b6
241,2025-05-07 18:46:36.648923,38,f0:57:a6:a6:b6:b6
242,2025-05-07 18:46:36.649045,80,f0:57:a6:a6:b6:b6
243,2025-05-07 18:46:36.649966,38,f0:57:a6:a6:b6:b6
244,2025-05-07 18:46:36.662019,38,f0:57:a6:a6:b6:b6
245,2025-05-07 18:46:36.662097,38,f0:57:a6:a6:b6:b6
246,2025-05-07 18:46:36.664589,38,f0:57:a6:a6:b6:b6
247,2025-05-07 18:46:36.680661,38,f0:57:a6:a6:b6:b6
248,2025-05-07 18:46:36.680911,80,f0:57:a6:a6:b6:b6
249,2025-05-07 18:46:36.685379,38,f0:57:a6:a6:b6:b6
250,2025-05-07 18:46:36.685500,80,f0:57:a6:a6:b6:b6
251,2025-05-07 18:46:36.696157,38,f0:57:a6:a6:b6:b6
252,2025-05-07 18:46:36.696279,80,f0:57:a6:a6:b6:b6
253,2025-05-07 18:46:36.698920,38,f0:57:a6:a6:b6:b6
254,2025-05-07 18:46:36.699042,80,f0:57:a6:a6:b6:b6
255,2025-05-07 18:46:36.723691,38,f0:57:a6:a6:b6:b6
256,2025-05-07 18:46:36.723940,80,f0:57:a6:a6:b6:b6
257,2025-05-07 18:46:36.724335,38,f0:57:a6:a6:b6:b6
258,2025-05-07 18:46:36.724412,38,f0:57:a6:a6:b6:b6
259,2025-05-07 18:46:36.744826,38,f0:57:a6:a6:b6:b6
260,2025-05-07 18:46:36.745094,80,f0:57:a6:a6:b6:b6
261,2025-05-07 18:46:36.749518,38,f0:57:a6:a6:b6:b6
262,2025-05-07 18:46:36.751715,38,f0:57:a6:a6:b6:b6
263,2025-05-07 18:46:36.755729,38,f0:57:a6:a6:b6:b6
264,2025-05-07 18:46:36.755869,80,f0:57:a6:a6:b6:b6
265,2025-05-07 18:46:36.766877,38,f0:57:a6:a6:b6:b6
266,2025-05-07 18:46:36.767167,80,f0:57:a6:a6:b6:b6
267,2025-05-07 18:46:36.781459,38,f0:57:a6:a6:b6:b6
268,2025-05-07 18:46:36.781606,80,f0:57:a6:a6:b6:b6
269,2025-05-07 18:46:36.791935,38,f0:57:a6:a6:b6:b6
270,2025-05-07 18:46:36.792231,80,f0:57:a6:a6:b6:b6
271,2025-05-07 18:46:36.801164,38,f0:57:a6:a6:b6:b6
272,2025-05-07 18:46:36.801656,80,f0:57:a6:a6:b6:b6
273,2025-05-07 18:46:36.826958,38,f0:57:a6:a6:b6:b6
274,2025-05-07 18:46:36.827327,80,f0:57:a6:a6:b6:b6
275,2025-05-07 18:46:36.840084,38,f0:57:a6:a6:b6:b6
276,2025-05-07 18:46:36.841525,80,f0:57:a6:a6:b6:b6
277,2025-05-07 18:46:36.853805,38,f0:57:a6:a6:b6:b6
278,2025-05-07 18:46:36.855183,80,f0:57:a6:a6:b6:b6
279,2025-05-07 18:46:36.864931,38,f0:57:a6:a6:b6:b6
280,2025-05-07 18:46:36.865408,80,f0:57:a6:a6:b6:b6
281,2025-05-07 18:46:36.890639,38,f0:57:a6:a6:b6:b6
282,2025-05-07 18:46:36.890974,80,f0:57:a6:a6:b6:b6
283,2025-05-07 18:46:36.891273,38,f0:57:a6:a6:b6:b6
284,2025-05-07 18:46:36.892461,80,f0:57:a6:a6:b6:b6
285,2025-05-07 18:46:36.907916,38,f0:57:a6:a6:b6:b6
286,2025-05-07 18:46:36.910415,38,f0:57:a6:a6:b6:b6
287,2025-05-07 18:46:36.911747,80,f0:57:a6:a6:b6:b6
288,2025-05-07 18:46:36.913188,38,f0:57:a6:a6:b6:b6
289,2025-05-07 18:46:36.913311,80,f0:57:a6:a6:b6:b6
290,2025-05-07 18:46:36.921849,38,f0:57:a6:a6:b6:b6
291,2025-05-07 18:46:36.921981,80,f0:57:a6:a6:b6:b6
292,2025-05-07 18:46:36.930871,38,f0:57:a6:a6:b6:b6
293,2025-05-07 18:46:36.932401,80,f0:57:a6:a6:b6:b6
294,2025-05-07 18:46:36.932564,38,f0:57:a6:a6:b6:b6
295,2025-05-07 18:46:36.932954,80,f0:57:a6:a6:b6:b6
296,2025-05-07 18:46:36.941965,38,f0:57:a6:a6:b6:b6
297,2025-05-07 18:46:36.942377,80,f0:57:a6:a6:b6:b6
298,2025-05-07 18:46:36.944381,38,f0:57:a6:a6:b6:b6
299,2025-05-07 18:46:36.944522,80,f0:57:a6:a6:b6:b6
300,2025-05-07 18:46:36.944986,38,f0:57:a6:a6:b6:b6
301,2025-05-07 18:46:36.945234,80,f0:57:a6:a6:b6:b6
302,2025-05-07 18:46:36.945397,38,f0:57:a6:a6:b6:b6
303,2025-05-07 18:46:36.945527,80,f0:57:a6:a6:b6:b6
304,2025-05-07 18:46:36.946858,38,f0:57:a6:a6:b6:b6
305,2025-05-07 18:46:36.947104,80,f0:57:a6:a6:b6:b6
306,2025-05-07 18:46:36.947381,38,f0:57:a6:a6:b6:b6
307,2025-05-07 18:46:36.947459,38,f0:57:a6:a6:b6:b6
308,2025-05-07 18:46:36.959509,38,f0:57:a6:a6:b6:b6
309,2025-05-07 18:46:36.959770,80,f0:57:a6:a6:b6:b6
310,2025-05-07 18:46:36.960247,38,f0:57:a6:a6:b6:b6
311,2025-05-07 18:46:36.960489,80,f0:57:a6:a6:b6:b6
312,2025-05-07 18:46:36.963261,38,f0:57:a6:a6:b6:b6
313,2025-05-07 18:46:36.963555,38,f0:57:a6:a6:b6:b6
314,2025-05-07 18:46:36.964067,38,f0:57:a6:a6:b6:b6
315,2025-05-07 18:46:36.964513,80,f0:57:a6:a6:b6:b6
316,2025-05-07 18:46:36.971505,38,f0:57:a6:a6:b6:b6
317,2025-05-07 18:46:36.971830,80,f0:57:a6:a6:b6:b6
318,2025-05-07 18:46:36.992454,38,f0:57:a6:a6:b6:b6
319,2025-05-07 18:46:36.993339,80,f0:57:a6:a6:b6:b6
320,2025-05-07 18:46:37.010225,38,f0:57:a6:a6:b6:b6
321,2025-05-07 18:46:37.011294,80,f0:57:a6:a6:b6:b6
322,2025-05-07 18:46:37.030896,38,f0:57:a6:a6:b6:b6
323,2025-05-07 18:46:37.031386,80,f0:57:a6:a6:b6:b6
324,2025-05-07 18:46:37.031797,38,f0:57:a6:a6:b6:b6
325,2025-05-07 18:46:37.031919,80,f0:57:a6:a6:b6:b6
326,2025-05-07 18:46:37.087397,38,f0:57:a6:a6:b6:b6
327,2025-05-07 18:46:37.087528,80,f0:57:a6:a6:b6:b6
328,2025-05-07 18:46:37.087801,38,f0:57:a6:a6:b6:b6
329,2025-05-07 18:46:37.087922,80,f0:57:a6:a6:b6:b6
330,2025-05-07 18:46:37.127434,38,f0:57:a6:a6:b6:b6
331,2025-05-07 18:46:37.127672,80,f0:57:a6:a6:b6:b6
332,2025-05-07 18:46:37.127829,38,f0:57:a6:a6:b6:b6
333,2025-05-07 18:46:37.127952,80,f0:57:a6:a6:b6:b6
334,2025-05-07 18:46:37.150358,38,f0:57:a6:a6:b6:b6
335,2025-05-07 18:46:37.150642,80,f0:57:a6:a6:b6:b6
336,2025-05-07 18:46:37.150813,38,f0:57:a6:a6:b6:b6
337,2025-05-07 18:46:37.150899,38,f0:57:a6:a6:b6:b6
338,2025-05-07 18:46:37.153620,38,f0:57:a6:a6:b6:b6
339,2025-05-07 18:46:37.153890,80,f0:57:a6:a6:b6:b6
340,2025-05-07 18:46:37.154063,38,f0:57:a6:a6:b6:b6
341,2025-05-07 18:46:37.154147,38,f0:57:a6:a6:b6:b6
342,2025-05-07 18:46:37.159369,38,f0:57:a6:a6:b6:b6
343,2025-05-07 18:46:37.159540,38,f0:57:a6:a6:b6:b6
344,2025-05-07 18:46:37.159922,38,f0:57:a6:a6:b6:b6
345,2025-05-07 18:46:37.160463,38,f0:57:a6:a6:b6:b6
346,2025-05-07 18:46:37.163560,38,f0:57:a6:a6:b6:b6
347,2025-05-07 18:46:37.163848,80,f0:57:a6:a6:b6:b6
348,2025-05-07 18:46:37.192096,38,f0:57:a6:a6:b6:b6
349,2025-05-07 18:46:37.192235,80,f0:57:a6:a6:b6:b6
350,2025-05-07 18:46:37.192541,38,f0:57:a6:a6:b6:b6
351,2025-05-07 18:46:37.192676,80,f0:57:a6:a6:b6:b6
352,2025-05-07 18:46:37.201508,38,f0:57:a6:a6:b6:b6
353,2025-05-07 18:46:37.201798,80,f0:57:a6:a6:b6:b6
354,2025-05-07 18:46:37.201976,38,f0:57:a6:a6:b6:b6
355,2025-05-07 18:46:37.202121,80,f0:57:a6:a6:b6:b6
356,2025-05-07 18:46:37.225018,38,f0:57:a6:a6:b6:b6
357,2025-05-07 18:46:37.225165,80,f0:57:a6:a6:b6:b6
358,2025-05-07 18:46:37.225350,38,f0:57:a6:a6:b6:b6
359,2025-05-07 18:46:37.225436,38,f0:57:a6:a6:b6:b6
360,2025-05-07 18:46:37.230296,38,f0:57:a6:a6:b6:b6
361,2025-05-07 18:46:37.230438,80,f0:57:a6:a6:b6:b6
362,2025-05-07 18:46:37.230638,38,f0:57:a6:a6:b6:b6
363,2025-05-07 18:46:37.230931,80,f0:57:a6:a6:b6:b6
364,2025-05-07 18:46:37.240181,38,f0:57:a6:a6:b6:b6
365,2025-05-07 18:46:37.240451,80,f0:57:a6:a6:b6:b6
366,2025-05-07 18:46:37.240624,38,f0:57:a6:a6:b6:b6
367,2025-05-07 18:46:37.240709,38,f0:57:a6:a6:b6:b6
368,2025-05-07 18:46:37.262428,38,f0:57:a6:a6:b6:b6
369,2025-05-07 18:46:37.262769,38,f0:57:a6:a6:b6:b6
370,2025-05-07 18:46:37.262925,38,f0:57:a6:a6:b6:b6
371,2025-05-07 18:46:37.263283,80,f0:57:a6:a6:b6:b6
372,2025-05-07 18:46:37.270653,38,f0:57:a6:a6:b6:b6
373,2025-05-07 18:46:37.270775,80,f0:57:a6:a6:b6:b6
374,2025-05-07 18:46:37.271755,80,f0:57:a6:a6:b6:b6
375,2025-05-07 18:46:37.298411,38,f0:57:a6:a6:b6:b6
376,2025-05-07 18:46:37.298487,38,f0:57:a6:a6:b6:b6
377,2025-05-07 18:46:37.300359,38,f0:57:a6:a6:b6:b6
378,2025-05-07 18:46:37.300436,38,f0:57:a6:a6:b6:b6
379,2025-05-07 18:46:37.302430,38,f0:57:a6:a6:b6:b6
380,2025-05-07 18:46:37.302719,80,f0:57:a6:a6:b6:b6
381,2025-05-07 18:46:37.302997,38,f0:57:a6:a6:b6:b6
382,2025-05-07 18:46:37.303231,80,f0:57:a6:a6:b6:b6
383,2025-05-07 18:46:37.303509,38,f0:57:a6:a6:b6:b6
384,2025-05-07 18:46:37.303586,38,f0:57:a6:a6:b6:b6
385,2025-05-07 18:46:37.331024,38,f0:57:a6:a6:b6:b6
386,2025-05-07 18:46:37.331146,80,f0:57:a6:a6:b6:b6
387,2025-05-07 18:46:37.332062,38,f0:57:a6:a6:b6:b6
388,2025-05-07 18:46:37.332183,80,f0:57:a6:a6:b6:b6
389,2025-05-07 18:46:37.333703,38,f0:57:a6:a6:b6:b6
390,2025-05-07 18:46:37.333825,80,f0:57:a6:a6:b6:b6
391,2025-05-07 18:46:37.346482,38,f0:57:a6:a6:b6:b6
392,2025-05-07 18:46:37.346638,80,f0:57:a6:a6:b6:b6
393,2025-05-07 18:46:37.346997,38,f0:57:a6:a6:b6:b6
394,2025-05-07 18:46:37.347095,38,f0:57:a6:a6:b6:b6
395,2025-05-07 18:46:37.352387,38,f0:57:a6:a6:b6:b6
396,2025-05-07 18:46:37.352676,80,f0:57:a6:a6:b6:b6
397,2025-05-07 18:46:37.352858,38,f0:57:a6:a6:b6:b6
398,2025-05-07 18:46:37.353005,80,f0:57:a6:a6:b6:b6
399,2025-05-07 18:46:37.395140,38,f0:57:a6:a6:b6:b6
400,2025-05-07 18:46:37.395361,38,f0:57:a6:a6:b6:b6
401,2025-05-07 18:46:37.395667,38,f0:57:a6:a6:b6:b6
402,2025-05-07 18:46:37.395802,80,f0:57:a6:a6:b6:b6
403,2025-05-07 18:46:37.395974,38,f0:57:a6:a6:b6:b6
404,2025-05-07 18:46:37.396110,80,f0:57:a6:a6:b6:b6
405,2025-05-07 18:46:37.407626,38,f0:57:a6:a6:b6:b6
406,2025-05-07 18:46:37.407762,80,f0:57:a6:a6:b6:b6
407,2025-05-07 18:46:37.407934,38,f0:57:a6:a6:b6:b6
408,2025-05-07 18:46:37.408019,38,f0:57:a6:a6:b6:b6
409,2025-05-07 18:46:37.437132,38,f0:57:a6:a6:b6:b6
410,2025-05-07 18:46:37.437266,80,f0:57:a6:a6:b6:b6
411,2025-05-07 18:46:37.437438,38,f0:57:a6:a6:b6:b6
412,2025-05-07 18:46:37.437573,80,f0:57:a6:a6:b6:b6
413,2025-05-07 18:46:37.457066,38,f0:57:a6:a6:b6:b6
414,2025-05-07 18:46:37.457306,80,f0:57:a6:a6:b6:b6
415,2025-05-07 18:46:37.457462,38,f0:57:a6:a6:b6:b6
416,2025-05-07 18:46:37.457583,80,f0:57:a6:a6:b6:b6
417,2025-05-07 18:46:37.473157,38,f0:57:a6:a6:b6:b6
418,2025-05-07 18:46:37.473418,80,f0:57:a6:a6:b6:b6
419,2025-05-07 18:46:37.479442,38,f0:57:a6:a6:b6:b6
420,2025-05-07 18:46:37.483905,38,f0:57:a6:a6:b6:b6
421,2025-05-07 18:46:37.483982,38,f0:57:a6:a6:b6:b6
422,2025-05-07 18:46:37.498385,38,f0:57:a6:a6:b6:b6
423,2025-05-07 18:46:37.498512,80,f0:57:a6:a6:b6:b6
424,2025-05-07 18:46:37.500379,38,f0:57:a6:a6:b6:b6
425,2025-05-07 18:46:37.500641,38,f0:57:a6:a6:b6:b6
426,2025-05-07 18:46:37.531209,38,f0:57:a6:a6:b6:b6
427,2025-05-07 18:46:37.531285,38,f0:57:a6:a6:b6:b6
428,2025-05-07 18:46:37.532791,38,f0:57:a6:a6:b6:b6
429,2025-05-07 18:46:37.532869,38,f0:57:a6:a6:b6:b6
430,2025-05-07 18:46:37.552687,38,f0:57:a6:a6:b6:b6
431,2025-05-07 18:46:37.552946,80,f0:57:a6:a6:b6:b6
432,2025-05-07 18:46:37.553222,38,f0:57:a6:a6:b6:b6
433,2025-05-07 18:46:37.553344,80,f0:57:a6:a6:b6:b6
434,2025-05-07 18:46:37.563415,38,f0:57:a6:a6:b6:b6
435,2025-05-07 18:46:37.563535,80,f0:57:a6:a6:b6:b6
436,2025-05-07 18:46:37.565215,38,f0:57:a6:a6:b6:b6
437,2025-05-07 18:46:37.565368,38,f0:57:a6:a6:b6:b6
438,2025-05-07 18:46:37.565490,80,f0:57:a6:a6:b6:b6
439,2025-05-07 18:46:37.601369,38,f0:57:a6:a6:b6:b6
440,2025-05-07 18:46:37.601615,80,f0:57:a6:a6:b6:b6
441,2025-05-07 18:46:37.601892,38,f0:57:a6:a6:b6:b6
442,2025-05-07 18:46:37.602013,80,f0:57:a6:a6:b6:b6
443,2025-05-07 18:46:37.631324,38,f0:57:a6:a6:b6:b6
444,2025-05-07 18:46:37.631459,80,f0:57:a6:a6:b6:b6
445,2025-05-07 18:46:37.631780,38,f0:57:a6:a6:b6:b6
446,2025-05-07 18:46:37.631901,80,f0:57:a6:a6:b6:b6
447,2025-05-07 18:46:37.643854,38,f0:57:a6:a6:b6:b6
448,2025-05-07 18:46:37.643976,80,f0:57:a6:a6:b6:b6
449,2025-05-07 18:46:37.644142,38,f0:57:a6:a6:b6:b6
450,2025-05-07 18:46:37.644218,38,f0:57:a6:a6:b6:b6
451,2025-05-07 18:46:37.650046,38,f0:57:a6:a6:b6:b6
452,2025-05-07 18:46:37.650172,80,f0:57:a6:a6:b6:b6
453,2025-05-07 18:46:37.650335,38,f0:57:a6:a6:b6:b6
454,2025-05-07 18:46:37.655073,38,f0:57:a6:a6:b6:b6
455,2025-05-07 18:46:37.655150,38,f0:57:a6:a6:b6:b6
456,2025-05-07 18:46:37.688309,38,f0:57:a6:a6:b6:b6
457,2025-05-07 18:46:37.688749,38,f0:57:a6:a6:b6:b6
458,2025-05-07 18:46:37.689009,80,f0:57:a6:a6:b6:b6
459,2025-05-07 18:46:37.701775,38,f0:57:a6:a6:b6:b6
460,2025-05-07 18:46:37.701899,80,f0:57:a6:a6:b6:b6
461,2025-05-07 18:46:37.702176,38,f0:57:a6:a6:b6:b6
462,2025-05-07 18:46:37.702298,80,f0:57:a6:a6:b6:b6
463,2025-05-07 18:46:37.714740,38,f0:57:a6:a6:b6:b6
464,2025-05-07 18:46:37.714873,80,f0:57:a6:a6:b6:b6
465,2025-05-07 18:46:37.715150,38,f0:57:a6:a6:b6:b6
466,2025-05-07 18:46:37.715272,80,f0:57:a6:a6:b6:b6
467,2025-05-07 18:46:37.767935,38,f0:57:a6:a6:b6:b6
468,2025-05-07 18:46:37.768229,80,f0:57:a6:a6:b6:b6
469,2025-05-07 18:46:37.768402,38,f0:57:a6:a6:b6:b6
470,2025-05-07 18:46:37.768538,80,f0:57:a6:a6:b6:b6
471,2025-05-07 18:46:37.802660,38,f0:57:a6:a6:b6:b6
472,2025-05-07 18:46:37.802805,80,f0:57:a6:a6:b6:b6
473,2025-05-07 18:46:37.803112,38,f0:57:a6:a6:b6:b6
474,2025-05-07 18:46:37.803246,80,f0:57:a6:a6:b6:b6
475,2025-05-07 18:46:37.846815,38,f0:57:a6:a6:b6:b6
476,2025-05-07 18:46:37.846901,38,f0:57:a6:a6:b6:b6
477,2025-05-07 18:46:37.847071,38,f0:57:a6:a6:b6:b6
478,2025-05-07 18:46:37.847157,38,f0:57:a6:a6:b6:b6
479,2025-05-07 18:46:37.855617,38,f0:57:a6:a6:b6:b6
480,2025-05-07 18:46:37.855703,38,f0:57:a6:a6:b6:b6
481,2025-05-07 18:46:37.860597,38,f0:57:a6:a6:b6:b6
482,2025-05-07 18:46:37.860683,38,f0:57:a6:a6:b6:b6
483,2025-05-07 18:46:37.904706,38,f0:57:a6:a6:b6:b6
484,2025-05-07 18:46:37.905044,80,f0:57:a6:a6:b6:b6
485,2025-05-07 18:46:37.905522,38,f0:57:a6:a6:b6:b6
486,2025-05-07 18:46:37.905658,80,f0:57:a6:a6:b6:b6
487,2025-05-07 18:46:37.905832,38,f0:57:a6:a6:b6:b6
488,2025-05-07 18:46:37.905925,38,f0:57:a6:a6:b6:b6
489,2025-05-07 18:46:37.934379,38,f0:57:a6:a6:b6:b6
490,2025-05-07 18:46:37.934464,38,f0:57:a6:a6:b6:b6
491,2025-05-07 18:46:37.936577,38,f0:57:a6:a6:b6:b6
492,2025-05-07 18:46:37.936712,80,f0:57:a6:a6:b6:b6
493,2025-05-07 18:46:37.936884,38,f0:57:a6:a6:b6:b6
494,2025-05-07 18:46:37.937019,80,f0:57:a6:a6:b6:b6
495,2025-05-07 18:46:37.952164,38,f0:57:a6:a6:b6:b6
496,2025-05-07 18:46:37.952299,80,f0:57:a6:a6:b6:b6
497,2025-05-07 18:46:37.952472,38,f0:57:a6:a6:b6:b6
498,2025-05-07 18:46:37.952607,80,f0:57:a6:a6:b6:b6
499,2025-05-07 18:46:37.987546,80,f0:57:a6:a6:b6:b6
500,2025-05-07 18:46:37.988014,80,f0:57:a6:a6:b6:b6
501,2025-05-07 18:46:37.988186,38,f0:57:a6:a6:b6:b6
502,2025-05-07 18:46:38.014770,38,f0:57:a6:a6:b6:b6
503,2025-05-07 18:46:38.014905,80,f0:57:a6:a6:b6:b6
504,2025-05-07 18:46:38.027593,38,f0:57:a6:a6:b6:b6
505,2025-05-07 18:46:38.027678,38,f0:57:a6:a6:b6:b6
506,2025-05-07 18:46:38.030247,38,f0:57:a6:a6:b6:b6
507,2025-05-07 18:46:38.030381,80,f0:57:a6:a6:b6:b6
508,2025-05-07 18:46:38.046417,38,f0:57:a6:a6:b6:b6
509,2025-05-07 18:46:38.046564,80,f0:57:a6:a6:b6:b6
510,2025-05-07 18:46:38.066189,38,f0:57:a6:a6:b6:b6
511,2025-05-07 18:46:38.066326,80,f0:57:a6:a6:b6:b6
512,2025-05-07 18:46:38.066498,38,f0:57:a6:a6:b6:b6
513,2025-05-07 18:46:38.066638,38,f0:57:a6:a6:b6:b6
514,2025-05-07 18:46:38.087606,38,f0:57:a6:a6:b6:b6
515,2025-05-07 18:46:38.087846,80,f0:57:a6:a6:b6:b6
516,2025-05-07 18:46:38.088001,38,f0:57:a6:a6:b6:b6
517,2025-05-07 18:46:38.088124,80,f0:57:a6:a6:b6:b6
518,2025-05-07 18:46:38.110700,38,f0:57:a6:a6:b6:b6
519,2025-05-07 18:46:38.111058,80,f0:57:a6:a6:b6:b6
520,2025-05-07 18:46:38.111340,38,f0:57:a6:a6:b6:b6
521,2025-05-07 18:46:38.111460,80,f0:57:a6:a6:b6:b6
522,2025-05-07 18:46:38.135289,38,f0:57:a6:a6:b6:b6
523,2025-05-07 18:46:38.135411,80,f0:57:a6:a6:b6:b6
524,2025-05-07 18:46:38.143160,38,f0:57:a6:a6:b6:b6
525,2025-05-07 18:46:38.143419,80,f0:57:a6:a6:b6:b6
526,2025-05-07 18:46:38.149651,38,f0:57:a6:a6:b6:b6
527,2025-05-07 18:46:38.149727,38,f0:57:a6:a6:b6:b6
528,2025-05-07 18:46:38.153595,38,f0:57:a6:a6:b6:b6
529,2025-05-07 18:46:38.153718,80,f0:57:a6:a6:b6:b6
530,2025-05-07 18:46:38.153872,38,f0:57:a6:a6:b6:b6
531,2025-05-07 18:46:38.153993,80,f0:57:a6:a6:b6:b6
532,2025-05-07 18:46:38.156806,38,f0:57:a6:a6:b6:b6
533,2025-05-07 18:46:38.156928,80,f0:57:a6:a6:b6:b6
534,2025-05-07 18:46:38.157083,38,f0:57:a6:a6:b6:b6
535,2025-05-07 18:46:38.157204,80,f0:57:a6:a6:b6:b6
536,2025-05-07 18:46:38.178745,38,f0:57:a6:a6:b6:b6
537,2025-05-07 18:46:38.178881,80,f0:57:a6:a6:b6:b6
538,2025-05-07 18:46:38.179052,38,f0:57:a6:a6:b6:b6
539,2025-05-07 18:46:38.179187,80,f0:57:a6:a6:b6:b6
540,2025-05-07 18:46:38.208960,38,f0:57:a6:a6:b6:b6
541,2025-05-07 18:46:38.209142,38,f0:57:a6:a6:b6:b6
542,2025-05-07 18:46:38.209561,80,f0:57:a6:a6:b6:b6
543,2025-05-07 18:46:38.210990,38,f0:57:a6:a6:b6:b6
544,2025-05-07 18:46:38.211090,38,f0:57:a6:a6:b6:b6
545,2025-05-07 18:46:38.211273,38,f0:57:a6:a6:b6:b6
546,2025-05-07 18:46:38.211359,38,f0:57:a6:a6:b6:b6
547,2025-05-07 18:46:38.221011,80,f0:57:a6:a6:b6:b6
548,2025-05-07 18:46:38.236319,38,f0:57:a6:a6:b6:b6
549,2025-05-07 18:46:38.236453,80,f0:57:a6:a6:b6:b6
550,2025-05-07 18:46:38.248624,38,f0:57:a6:a6:b6:b6
551,2025-05-07 18:46:38.248759,80,f0:57:a6:a6:b6:b6
552,2025-05-07 18:46:38.250288,38,f0:57:a6:a6:b6:b6
553,2025-05-07 18:46:38.250561,80,f0:57:a6:a6:b6:b6
554,2025-05-07 18:46:38.250732,38,f0:57:a6:a6:b6:b6
555,2025-05-07 18:46:38.250818,38,f0:57:a6:a6:b6:b6
556,2025-05-07 18:46:38.256189,38,f0:57:a6:a6:b6:b6
557,2025-05-07 18:46:38.256325,80,f0:57:a6:a6:b6:b6
558,2025-05-07 18:46:38.256637,38,f0:57:a6:a6:b6:b6
559,2025-05-07 18:46:38.256723,38,f0:57:a6:a6:b6:b6
560,2025-05-07 18:46:38.257298,38,f0:57:a6:a6:b6:b6
561,2025-05-07 18:46:38.257383,38,f0:57:a6:a6:b6:b6
562,2025-05-07 18:46:38.273281,38,f0:57:a6:a6:b6:b6
563,2025-05-07 18:46:38.273539,80,f0:57:a6:a6:b6:b6
564,2025-05-07 18:46:38.274680,38,f0:57:a6:a6:b6:b6
565,2025-05-07 18:46:38.274756,38,f0:57:a6:a6:b6:b6
566,2025-05-07 18:46:38.283285,38,f0:57:a6:a6:b6:b6
567,2025-05-07 18:46:38.283407,80,f0:57:a6:a6:b6:b6
568,2025-05-07 18:46:38.285451,38,f0:57:a6:a6:b6:b6
569,2025-05-07 18:46:38.285814,38,f0:57:a6:a6:b6:b6
570,2025-05-07 18:46:38.286087,38,f0:57:a6:a6:b6:b6
571,2025-05-07 18:46:38.290255,38,f0:57:a6:a6:b6:b6
572,2025-05-07 18:46:38.290331,38,f0:57:a6:a6:b6:b6
573,2025-05-07 18:46:38.315584,38,f0:57:a6:a6:b6:b6
574,2025-05-07 18:46:38.315660,38,f0:57:a6:a6:b6:b6
575,2025-05-07 18:46:38.324436,38,f0:57:a6:a6:b6:b6
576,2025-05-07 18:46:38.324701,80,f0:57:a6:a6:b6:b6
577,2025-05-07 18:46:38.328216,38,f0:57:a6:a6:b6:b6
578,2025-05-07 18:46:38.328506,80,f0:57:a6:a6:b6:b6
579,2025-05-07 18:46:38.328663,38,f0:57:a6:a6:b6:b6
580,2025-05-07 18:46:38.328784,80,f0:57:a6:a6:b6:b6
581,2025-05-07 18:46:38.346311,38,f0:57:a6:a6:b6:b6
582,2025-05-07 18:46:38.346779,80,f0:57:a6:a6:b6:b6
583,2025-05-07 18:46:38.346936,38,f0:57:a6:a6:b6:b6
584,2025-05-07 18:46:38.347022,38,f0:57:a6:a6:b6:b6
585,2025-05-07 18:46:38.356595,38,f0:57:a6:a6:b6:b6
586,2025-05-07 18:46:38.356722,80,f0:57:a6:a6:b6:b6
587,2025-05-07 18:46:38.357025,38,f0:57:a6:a6:b6:b6
588,2025-05-07 18:46:38.357148,80,f0:57:a6:a6:b6:b6
589,2025-05-07 18:46:38.371737,38,f0:57:a6:a6:b6:b6
590,2025-05-07 18:46:38.371980,80,f0:57:a6:a6:b6:b6
591,2025-05-07 18:46:38.372136,38,f0:57:a6:a6:b6:b6
592,2025-05-07 18:46:38.372257,80,f0:57:a6:a6:b6:b6
593,2025-05-07 18:46:38.394152,38,f0:57:a6:a6:b6:b6
594,2025-05-07 18:46:38.394400,80,f0:57:a6:a6:b6:b6
595,2025-05-07 18:46:38.394695,38,f0:57:a6:a6:b6:b6
596,2025-05-07 18:46:38.394824,80,f0:57:a6:a6:b6:b6
597,2025-05-07 18:46:38.395218,38,f0:57:a6:a6:b6:b6
598,2025-05-07 18:46:38.395340,80,f0:57:a6:a6:b6:b6
599,2025-05-07 18:46:38.405800,38,f0:57:a6:a6:b6:b6
600,2025-05-07 18:46:38.419110,38,f0:57:a6:a6:b6:b6
601,2025-05-07 18:46:38.419469,80,f0:57:a6:a6:b6:b6
602,2025-05-07 18:46:38.419624,38,f0:57:a6:a6:b6:b6
603,2025-05-07 18:46:38.419701,38,f0:57:a6:a6:b6:b6
604,2025-05-07 18:46:38.454903,38,f0:57:a6:a6:b6:b6
605,2025-05-07 18:46:38.455024,80,f0:57:a6:a6:b6:b6
606,2025-05-07 18:46:38.457644,38,f0:57:a6:a6:b6:b6
607,2025-05-07 18:46:38.457765,80,f0:57:a6:a6:b6:b6
608,2025-05-07 18:46:38.476855,38,f0:57:a6:a6:b6:b6
609,2025-05-07 18:46:38.476994,80,f0:57:a6:a6:b6:b6
610,2025-05-07 18:46:38.477342,38,f0:57:a6:a6:b6:b6
611,2025-05-07 18:46:38.477478,80,f0:57:a6:a6:b6:b6
612,2025-05-07 18:46:38.481363,38,f0:57:a6:a6:b6:b6
613,2025-05-07 18:46:38.481507,80,f0:57:a6:a6:b6:b6
614,2025-05-07 18:46:38.483157,38,f0:57:a6:a6:b6:b6
615,2025-05-07 18:46:38.483244,38,f0:57:a6:a6:b6:b6
616,2025-05-07 18:46:38.484153,38,f0:57:a6:a6:b6:b6
617,2025-05-07 18:46:38.484446,80,f0:57:a6:a6:b6:b6
618,2025-05-07 18:46:38.484625,38,f0:57:a6:a6:b6:b6
619,2025-05-07 18:46:38.484769,80,f0:57:a6:a6:b6:b6
620,2025-05-07 18:46:38.496925,38,f0:57:a6:a6:b6:b6
621,2025-05-07 18:46:38.497072,80,f0:57:a6:a6:b6:b6
622,2025-05-07 18:46:38.497263,38,f0:57:a6:a6:b6:b6
623,2025-05-07 18:46:38.497399,80,f0:57:a6:a6:b6:b6
624,2025-05-07 18:46:38.534069,38,f0:57:a6:a6:b6:b6
625,2025-05-07 18:46:38.534338,80,f0:57:a6:a6:b6:b6
626,2025-05-07 18:46:38.534510,38,f0:57:a6:a6:b6:b6
627,2025-05-07 18:46:38.534597,38,f0:57:a6:a6:b6:b6
628,2025-05-07 18:46:38.565285,38,f0:57:a6:a6:b6:b6
629,2025-05-07 18:46:38.565372,38,f0:57:a6:a6:b6:b6
630,2025-05-07 18:46:38.568255,38,f0:57:a6:a6:b6:b6
631,2025-05-07 18:46:38.568341,38,f0:57:a6:a6:b6:b6
632,2025-05-07 18:46:38.571997,80,f0:57:a6:a6:b6:b6
633,2025-05-07 18:46:38.600022,38,f0:57:a6:a6:b6:b6
634,2025-05-07 18:46:38.600221,38,f0:57:a6:a6:b6:b6
635,2025-05-07 18:46:38.600376,38,f0:57:a6:a6:b6:b6
636,2025-05-07 18:46:38.600453,38,f0:57:a6:a6:b6:b6
637,2025-05-07 18:46:38.631616,38,f0:57:a6:a6:b6:b6
638,2025-05-07 18:46:38.631737,80,f0:57:a6:a6:b6:b6
639,2025-05-07 18:46:38.631892,38,f0:57:a6:a6:b6:b6
640,2025-05-07 18:46:38.631978,38,f0:57:a6:a6:b6:b6
641,2025-05-07 18:46:38.634101,38,f0:57:a6:a6:b6:b6
642,2025-05-07 18:46:38.634223,80,f0:57:a6:a6:b6:b6
643,2025-05-07 18:46:38.634378,38,f0:57:a6:a6:b6:b6
644,2025-05-07 18:46:38.634455,38,f0:57:a6:a6:b6:b6
645,2025-05-07 18:46:38.686793,38,f0:57:a6:a6:b6:b6
646,2025-05-07 18:46:38.687079,80,f0:57:a6:a6:b6:b6
647,2025-05-07 18:46:38.701394,38,f0:57:a6:a6:b6:b6
648,2025-05-07 18:46:38.701665,80,f0:57:a6:a6:b6:b6
649,2025-05-07 18:46:38.705314,38,f0:57:a6:a6:b6:b6
650,2025-05-07 18:46:38.705880,38,f0:57:a6:a6:b6:b6
651,2025-05-07 18:46:38.706016,80,f0:57:a6:a6:b6:b6
652,2025-05-07 18:46:38.708428,38,f0:57:a6:a6:b6:b6
653,2025-05-07 18:46:38.708563,80,f0:57:a6:a6:b6:b6
654,2025-05-07 18:46:38.724510,38,f0:57:a6:a6:b6:b6
655,2025-05-07 18:46:38.724800,80,f0:57:a6:a6:b6:b6
656,2025-05-07 18:46:38.725843,38,f0:57:a6:a6:b6:b6
657,2025-05-07 18:46:38.725928,38,f0:57:a6:a6:b6:b6
658,2025-05-07 18:46:38.753314,38,f0:57:a6:a6:b6:b6
659,2025-05-07 18:46:38.753456,80,f0:57:a6:a6:b6:b6
660,2025-05-07 18:46:38.753804,38,f0:57:a6:a6:b6:b6
661,2025-05-07 18:46:38.753892,38,f0:57:a6:a6:b6:b6
662,2025-05-07 18:46:38.770688,38,f0:57:a6:a6:b6:b6
663,2025-05-07 18:46:38.770827,80,f0:57:a6:a6:b6:b6
664,2025-05-07 18:46:38.771010,38,f0:57:a6:a6:b6:b6
665,2025-05-07 18:46:38.771155,80,f0:57:a6:a6:b6:b6
666,2025-05-07 18:46:38.788341,38,f0:57:a6:a6:b6:b6
667,2025-05-07 18:46:38.788462,80,f0:57:a6:a6:b6:b6
668,2025-05-07 18:46:38.789745,38,f0:57:a6:a6:b6:b6
669,2025-05-07 18:46:38.789989,80,f0:57:a6:a6:b6:b6
670,2025-05-07 18:46:38.790144,38,f0:57:a6:a6:b6:b6
671,2025-05-07 18:46:38.790266,80,f0:57:a6:a6:b6:b6
672,2025-05-07 18:46:38.795320,38,f0:57:a6:a6:b6:b6
673,2025-05-07 18:46:38.795565,80,f0:57:a6:a6:b6:b6
674,2025-05-07 18:46:38.795720,38,f0:57:a6:a6:b6:b6
675,2025-05-07 18:46:38.795842,80,f0:57:a6:a6:b6:b6
676,2025-05-07 18:46:38.826710,38,f0:57:a6:a6:b6:b6
677,2025-05-07 18:46:38.826839,80,f0:57:a6:a6:b6:b6
678,2025-05-07 18:46:38.827233,38,f0:57:a6:a6:b6:b6
679,2025-05-07 18:46:38.827355,80,f0:57:a6:a6:b6:b6
680,2025-05-07 18:46:38.827512,38,f0:57:a6:a6:b6:b6
681,2025-05-07 18:46:38.827589,38,f0:57:a6:a6:b6:b6
682,2025-05-07 18:46:38.849517,38,f0:57:a6:a6:b6:b6
683,2025-05-07 18:46:38.849639,80,f0:57:a6:a6:b6:b6
684,2025-05-07 18:46:38.872441,38,f0:57:a6:a6:b6:b6
685,2025-05-07 18:46:38.872518,38,f0:57:a6:a6:b6:b6
686,2025-05-07 18:46:38.879377,38,f0:57:a6:a6:b6:b6
687,2025-05-07 18:46:38.886202,38,f0:57:a6:a6:b6:b6
688,2025-05-07 18:46:38.886472,80,f0:57:a6:a6:b6:b6
689,2025-05-07 18:46:38.886648,38,f0:57:a6:a6:b6:b6
690,2025-05-07 18:46:38.886733,38,f0:57:a6:a6:b6:b6
691,2025-05-07 18:46:38.886904,38,f0:57:a6:a6:b6:b6
692,2025-05-07 18:46:38.887039,80,f0:57:a6:a6:b6:b6
693,2025-05-07 18:46:38.895351,38,f0:57:a6:a6:b6:b6
694,2025-05-07 18:46:38.895670,80,f0:57:a6:a6:b6:b6
695,2025-05-07 18:46:38.933253,38,f0:57:a6:a6:b6:b6
696,2025-05-07 18:46:38.933541,80,f0:57:a6:a6:b6:b6
697,2025-05-07 18:46:38.969203,38,f0:57:a6:a6:b6:b6
698,2025-05-07 18:46:38.969289,38,f0:57:a6:a6:b6:b6
699,2025-05-07 18:46:38.984653,38,f0:57:a6:a6:b6:b6
700,2025-05-07 18:46:38.989687,38,f0:57:a6:a6:b6:b6
701,2025-05-07 18:46:38.989828,80,f0:57:a6:a6:b6:b6
702,2025-05-07 18:46:38.990666,38,f0:57:a6:a6:b6:b6
703,2025-05-07 18:46:38.990801,80,f0:57:a6:a6:b6:b6
704,2025-05-07 18:46:38.996353,38,f0:57:a6:a6:b6:b6
705,2025-05-07 18:46:38.996620,80,f0:57:a6:a6:b6:b6
706,2025-05-07 18:46:38.996792,38,f0:57:a6:a6:b6:b6
707,2025-05-07 18:46:38.996878,38,f0:57:a6:a6:b6:b6
708,2025-05-07 18:46:39.010665,38,f0:57:a6:a6:b6:b6
709,2025-05-07 18:46:39.011073,80,f0:57:a6:a6:b6:b6
710,2025-05-07 18:46:39.011377,38,f0:57:a6:a6:b6:b6
711,2025-05-07 18:46:39.011512,80,f0:57:a6:a6:b6:b6
712,2025-05-07 18:46:39.034266,38,f0:57:a6:a6:b6:b6
713,2025-05-07 18:46:39.034568,80,f0:57:a6:a6:b6:b6
714,2025-05-07 18:46:39.034754,38,f0:57:a6:a6:b6:b6
715,2025-05-07 18:46:39.034903,80,f0:57:a6:a6:b6:b6
716,2025-05-07 18:46:39.061272,38,f0:57:a6:a6:b6:b6
717,2025-05-07 18:46:39.061365,38,f0:57:a6:a6:b6:b6
718,2025-05-07 18:46:39.072732,80,f0:57:a6:a6:b6:b6
719,2025-05-07 18:46:39.079760,38,f0:57:a6:a6:b6:b6
720,2025-05-07 18:46:39.079895,80,f0:57:a6:a6:b6:b6
721,2025-05-07 18:46:39.082503,38,f0:57:a6:a6:b6:b6
722,2025-05-07 18:46:39.082666,80,f0:57:a6:a6:b6:b6
723,2025-05-07 18:46:39.083106,38,f0:57:a6:a6:b6:b6
724,2025-05-07 18:46:39.083192,38,f0:57:a6:a6:b6:b6
725,2025-05-07 18:46:39.098304,38,f0:57:a6:a6:b6:b6
726,2025-05-07 18:46:39.098380,38,f0:57:a6:a6:b6:b6
727,2025-05-07 18:46:39.135313,38,f0:57:a6:a6:b6:b6
728,2025-05-07 18:46:39.135435,80,f0:57:a6:a6:b6:b6
729,2025-05-07 18:46:39.139634,38,f0:57:a6:a6:b6:b6
730,2025-05-07 18:46:39.139756,80,f0:57:a6:a6:b6:b6
731,2025-05-07 18:46:39.139911,38,f0:57:a6:a6:b6:b6
732,2025-05-07 18:46:39.139989,38,f0:57:a6:a6:b6:b6
733,2025-05-07 18:46:39.181136,38,f0:57:a6:a6:b6:b6
734,2025-05-07 18:46:39.181272,80,f0:57:a6:a6:b6:b6
735,2025-05-07 18:46:39.181581,38,f0:57:a6:a6:b6:b6
736,2025-05-07 18:46:39.181710,80,f0:57:a6:a6:b6:b6
737,2025-05-07 18:46:39.185388,38,f0:57:a6:a6:b6:b6
738,2025-05-07 18:46:39.185513,80,f0:57:a6:a6:b6:b6
739,2025-05-07 18:46:39.185820,38,f0:57:a6:a6:b6:b6
740,2025-05-07 18:46:39.224398,38,f0:57:a6:a6:b6:b6
741,2025-05-07 18:46:39.236139,38,f0:57:a6:a6:b6:b6
742,2025-05-07 18:46:39.236360,38,f0:57:a6:a6:b6:b6
743,2025-05-07 18:46:39.236531,38,f0:57:a6:a6:b6:b6
744,2025-05-07 18:46:39.236665,80,f0:57:a6:a6:b6:b6
745,2025-05-07 18:46:39.240269,38,f0:57:a6:a6:b6:b6
746,2025-05-07 18:46:39.240403,80,f0:57:a6:a6:b6:b6
747,2025-05-07 18:46:39.269460,38,f0:57:a6:a6:b6:b6
748,2025-05-07 18:46:39.269748,80,f0:57:a6:a6:b6:b6
749,2025-05-07 18:46:39.272801,38,f0:57:a6:a6:b6:b6
750,2025-05-07 18:46:39.273070,80,f0:57:a6:a6:b6:b6
751,2025-05-07 18:46:39.273243,38,f0:57:a6:a6:b6:b6
752,2025-05-07 18:46:39.273328,38,f0:57:a6:a6:b6:b6
753,2025-05-07 18:46:39.292848,38,f0:57:a6:a6:b6:b6
754,2025-05-07 18:46:39.304686,38,f0:57:a6:a6:b6:b6
755,2025-05-07 18:46:39.304771,38,f0:57:a6:a6:b6:b6
756,2025-05-07 18:46:39.327094,38,f0:57:a6:a6:b6:b6
757,2025-05-07 18:46:39.327241,80,f0:57:a6:a6:b6:b6
758,2025-05-07 18:46:39.339058,38,f0:57:a6:a6:b6:b6
759,2025-05-07 18:46:39.339194,80,f0:57:a6:a6:b6:b6
760,2025-05-07 18:46:39.343406,38,f0:57:a6:a6:b6:b6
761,2025-05-07 18:46:39.343552,80,f0:57:a6:a6:b6:b6
762,2025-05-07 18:46:39.349452,38,f0:57:a6:a6:b6:b6
763,2025-05-07 18:46:39.349587,80,f0:57:a6:a6:b6:b6
764,2025-05-07 18:46:39.386341,38,f0:57:a6:a6:b6:b6
765,2025-05-07 18:46:39.386615,80,f0:57:a6:a6:b6:b6
766,2025-05-07 18:46:39.386787,38,f0:57:a6:a6:b6:b6
767,2025-05-07 18:46:39.386922,80,f0:57:a6:a6:b6:b6
768,2025-05-07 18:46:39.420028,38,f0:57:a6:a6:b6:b6
769,2025-05-07 18:46:39.420272,80,f0:57:a6:a6:b6:b6
770,2025-05-07 18:46:39.420534,38,f0:57:a6:a6:b6:b6
771,2025-05-07 18:46:39.420656,80,f0:57:a6:a6:b6:b6
772,2025-05-07 18:46:39.421059,80,f0:57:a6:a6:b6:b6
773,2025-05-07 18:46:39.446517,38,f0:57:a6:a6:b6:b6
774,2025-05-07 18:46:39.446614,38,f0:57:a6:a6:b6:b6
775,2025-05-07 18:46:39.447448,38,f0:57:a6:a6:b6:b6
776,2025-05-07 18:46:39.447534,38,f0:57:a6:a6:b6:b6
777,2025-05-07 18:46:39.447931,38,f0:57:a6:a6:b6:b6
778,2025-05-07 18:46:39.448008,38,f0:57:a6:a6:b6:b6
779,2025-05-07 18:46:39.456281,38,f0:57:a6:a6:b6:b6
780,2025-05-07 18:46:39.456358,38,f0:57:a6:a6:b6:b6
781,2025-05-07 18:46:39.456510,38,f0:57:a6:a6:b6:b6
782,2025-05-07 18:46:39.456633,80,f0:57:a6:a6:b6:b6
783,2025-05-07 18:46:39.463758,38,f0:57:a6:a6:b6:b6
784,2025-05-07 18:46:39.463836,38,f0:57:a6:a6:b6:b6
785,2025-05-07 18:46:39.475906,38,f0:57:a6:a6:b6:b6
786,2025-05-07 18:46:39.475991,38,f0:57:a6:a6:b6:b6
787,2025-05-07 18:46:39.482502,38,f0:57:a6:a6:b6:b6
788,2025-05-07 18:46:39.482647,80,f0:57:a6:a6:b6:b6
789,2025-05-07 18:46:39.483653,38,f0:57:a6:a6:b6:b6
790,2025-05-07 18:46:39.483785,80,f0:57:a6:a6:b6:b6
791,2025-05-07 18:46:39.483941,38,f0:57:a6:a6:b6:b6
792,2025-05-07 18:46:39.484020,38,f0:57:a6:a6:b6:b6
793,2025-05-07 18:46:39.544614,38,f0:57:a6:a6:b6:b6
794,2025-05-07 18:46:39.544736,80,f0:57:a6:a6:b6:b6
795,2025-05-07 18:46:39.546281,38,f0:57:a6:a6:b6:b6
796,2025-05-07 18:46:39.546359,38,f0:57:a6:a6:b6:b6
797,2025-05-07 18:46:39.547750,38,f0:57:a6:a6:b6:b6
798,2025-05-07 18:46:39.547997,80,f0:57:a6:a6:b6:b6
799,2025-05-07 18:46:39.548273,38,f0:57:a6:a6:b6:b6
800,2025-05-07 18:46:39.548351,38,f0:57:a6:a6:b6:b6
801,2025-05-07 18:46:39.581579,38,f0:57:a6:a6:b6:b6
802,2025-05-07 18:46:39.581700,80,f0:57:a6:a6:b6:b6
803,2025-05-07 18:46:39.581857,38,f0:57:a6:a6:b6:b6
804,2025-05-07 18:46:39.581935,38,f0:57:a6:a6:b6:b6
805,2025-05-07 18:46:39.585340,38,f0:57:a6:a6:b6:b6
806,2025-05-07 18:46:39.585581,80,f0:57:a6:a6:b6:b6
807,2025-05-07 18:46:39.585735,38,f0:57:a6:a6:b6:b6
808,2025-05-07 18:46:39.585857,80,f0:57:a6:a6:b6:b6
809,2025-05-07 18:46:39.587403,38,f0:57:a6:a6:b6:b6
810,2025-05-07 18:46:39.587524,80,f0:57:a6:a6:b6:b6
811,2025-05-07 18:46:39.587679,38,f0:57:a6:a6:b6:b6
812,2025-05-07 18:46:39.587756,38,f0:57:a6:a6:b6:b6
813,2025-05-07 18:46:39.595859,38,f0:57:a6:a6:b6:b6
814,2025-05-07 18:46:39.633928,38,f0:57:a6:a6:b6:b6
815,2025-05-07 18:46:39.648047,38,f0:57:a6:a6:b6:b6
816,2025-05-07 18:46:39.648324,80,f0:57:a6:a6:b6:b6
817,2025-05-07 18:46:39.648631,38,f0:57:a6:a6:b6:b6
818,2025-05-07 18:46:39.648765,80,f0:57:a6:a6:b6:b6
819,2025-05-07 18:46:39.648937,38,f0:57:a6:a6:b6:b6
820,2025-05-07 18:46:39.649023,38,f0:57:a6:a6:b6:b6
821,2025-05-07 18:46:39.688408,38,f0:57:a6:a6:b6:b6
822,2025-05-07 18:46:39.688549,80,f0:57:a6:a6:b6:b6
823,2025-05-07 18:46:39.688856,38,f0:57:a6:a6:b6:b6
824,2025-05-07 18:46:39.688991,80,f0:57:a6:a6:b6:b6
825,2025-05-07 18:46:39.692497,38,f0:57:a6:a6:b6:b6
826,2025-05-07 18:46:39.692632,80,f0:57:a6:a6:b6:b6
827,2025-05-07 18:46:39.692804,38,f0:57:a6:a6:b6:b6
828,2025-05-07 18:46:39.692939,80,f0:57:a6:a6:b6:b6
829,2025-05-07 18:46:39.696694,38,f0:57:a6:a6:b6:b6
830,2025-05-07 18:46:39.696964,80,f0:57:a6:a6:b6:b6
831,2025-05-07 18:46:39.697265,38,f0:57:a6:a6:b6:b6
832,2025-05-07 18:46:39.697350,38,f0:57:a6:a6:b6:b6
833,2025-05-07 18:46:39.714846,38,f0:57:a6:a6:b6:b6
834,2025-05-07 18:46:39.714931,38,f0:57:a6:a6:b6:b6
835,2025-05-07 18:46:39.715102,38,f0:57:a6:a6:b6:b6
836,2025-05-07 18:46:39.715188,38,f0:57:a6:a6:b6:b6
837,2025-05-07 18:46:39.719252,38,f0:57:a6:a6:b6:b6
838,2025-05-07 18:46:39.719422,38,f0:57:a6:a6:b6:b6
839,2025-05-07 18:46:39.719724,38,f0:57:a6:a6:b6:b6
840,2025-05-07 18:46:39.720266,38,f0:57:a6:a6:b6:b6
841,2025-05-07 18:46:39.720711,38,f0:57:a6:a6:b6:b6
842,2025-05-07 18:46:39.721596,38,f0:57:a6:a6:b6:b6
843,2025-05-07 18:46:39.722220,38,f0:57:a6:a6:b6:b6
844,2025-05-07 18:46:39.722503,80,f0:57:a6:a6:b6:b6
845,2025-05-07 18:46:39.725362,38,f0:57:a6:a6:b6:b6
846,2025-05-07 18:46:39.725631,80,f0:57:a6:a6:b6:b6
847,2025-05-07 18:46:39.725804,38,f0:57:a6:a6:b6:b6
848,2025-05-07 18:46:39.725939,80,f0:57:a6:a6:b6:b6
849,2025-05-07 18:46:39.733955,38,f0:57:a6:a6:b6:b6
850,2025-05-07 18:46:39.736506,38,f0:57:a6:a6:b6:b6
851,2025-05-07 18:46:39.736641,80,f0:57:a6:a6:b6:b6
852,2025-05-07 18:46:39.757654,38,f0:57:a6:a6:b6:b6
853,2025-05-07 18:46:39.757740,38,f0:57:a6:a6:b6:b6
854,2025-05-07 18:46:39.757912,38,f0:57:a6:a6:b6:b6
855,2025-05-07 18:46:39.758003,38,f0:57:a6:a6:b6:b6
856,2025-05-07 18:46:39.759164,38,f0:57:a6:a6:b6:b6
857,2025-05-07 18:46:39.759263,38,f0:57:a6:a6:b6:b6
858,2025-05-07 18:46:39.784038,38,f0:57:a6:a6:b6:b6
859,2025-05-07 18:46:39.784303,80,f0:57:a6:a6:b6:b6
860,2025-05-07 18:46:39.784609,38,f0:57:a6:a6:b6:b6
861,2025-05-07 18:46:39.784744,80,f0:57:a6:a6:b6:b6
862,2025-05-07 18:46:39.784916,38,f0:57:a6:a6:b6:b6
863,2025-05-07 18:46:39.785051,80,f0:57:a6:a6:b6:b6
864,2025-05-07 18:46:39.853421,38,f0:57:a6:a6:b6:b6
865,2025-05-07 18:46:39.853545,80,f0:57:a6:a6:b6:b6
866,2025-05-07 18:46:39.854070,38,f0:57:a6:a6:b6:b6
867,2025-05-07 18:46:39.854191,80,f0:57:a6:a6:b6:b6
868,2025-05-07 18:46:39.854347,38,f0:57:a6:a6:b6:b6
869,2025-05-07 18:46:39.854468,80,f0:57:a6:a6:b6:b6
870,2025-05-07 18:46:39.876777,38,f0:57:a6:a6:b6:b6
871,2025-05-07 18:46:39.876899,80,f0:57:a6:a6:b6:b6
872,2025-05-07 18:46:39.901642,38,f0:57:a6:a6:b6:b6
873,2025-05-07 18:46:39.901884,80,f0:57:a6:a6:b6:b6
874,2025-05-07 18:46:39.902040,38,f0:57:a6:a6:b6:b6
875,2025-05-07 18:46:39.902162,80,f0:57:a6:a6:b6:b6
876,2025-05-07 18:46:39.924790,38,f0:57:a6:a6:b6:b6
877,2025-05-07 18:46:39.925095,38,f0:57:a6:a6:b6:b6
878,2025-05-07 18:46:39.925605,38,f0:57:a6:a6:b6:b6
879,2025-05-07 18:46:39.927096,38,f0:57:a6:a6:b6:b6
880,2025-05-07 18:46:39.927231,80,f0:57:a6:a6:b6:b6
881,2025-05-07 18:46:39.930330,38,f0:57:a6:a6:b6:b6
882,2025-05-07 18:46:39.930416,38,f0:57:a6:a6:b6:b6
883,2025-05-07 18:46:39.976429,80,f0:57:a6:a6:b6:b6
884,2025-05-07 18:46:39.989257,38,f0:57:a6:a6:b6:b6
885,2025-05-07 18:46:39.989524,80,f0:57:a6:a6:b6:b6
886,2025-05-07 18:46:39.989696,38,f0:57:a6:a6:b6:b6
887,2025-05-07 18:46:39.989781,38,f0:57:a6:a6:b6:b6
888,2025-05-07 18:46:40.016524,38,f0:57:a6:a6:b6:b6
889,2025-05-07 18:46:40.016775,80,f0:57:a6:a6:b6:b6
890,2025-05-07 18:46:40.016939,38,f0:57:a6:a6:b6:b6
891,2025-05-07 18:46:40.017066,80,f0:57:a6:a6:b6:b6
892,2025-05-07 18:46:40.019050,38,f0:57:a6:a6:b6:b6
893,2025-05-07 18:46:40.019208,80,f0:57:a6:a6:b6:b6
894,2025-05-07 18:46:40.019566,38,f0:57:a6:a6:b6:b6
895,2025-05-07 18:46:40.019705,80,f0:57:a6:a6:b6:b6
896,2025-05-07 18:46:40.020049,38,f0:57:a6:a6:b6:b6
897,2025-05-07 18:46:40.020338,80,f0:57:a6:a6:b6:b6
898,2025-05-07 18:46:40.020796,38,f0:57:a6:a6:b6:b6
899,2025-05-07 18:46:40.020923,80,f0:57:a6:a6:b6:b6
900,2025-05-07 18:46:40.052312,38,f0:57:a6:a6:b6:b6
901,2025-05-07 18:46:40.052543,38,f0:57:a6:a6:b6:b6
902,2025-05-07 18:46:40.053315,38,f0:57:a6:a6:b6:b6
903,2025-05-07 18:46:40.053539,38,f0:57:a6:a6:b6:b6
904,2025-05-07 18:46:40.055224,38,f0:57:a6:a6:b6:b6
905,2025-05-07 18:46:40.055636,80,f0:57:a6:a6:b6:b6
906,2025-05-07 18:46:40.056062,38,f0:57:a6:a6:b6:b6
907,2025-05-07 18:46:40.056208,80,f0:57:a6:a6:b6:b6
908,2025-05-07 18:46:40.056503,38,f0:57:a6:a6:b6:b6
909,2025-05-07 18:46:40.056628,80,f0:57:a6:a6:b6:b6
910,2025-05-07 18:46:40.066895,38,f0:57:a6:a6:b6:b6
911,2025-05-07 18:46:40.066972,38,f0:57:a6:a6:b6:b6
912,2025-05-07 18:46:40.071015,38,f0:57:a6:a6:b6:b6
913,2025-05-07 18:46:40.071378,80,f0:57:a6:a6:b6:b6
914,2025-05-07 18:46:40.071535,38,f0:57:a6:a6:b6:b6
915,2025-05-07 18:46:40.071612,38,f0:57:a6:a6:b6:b6
916,2025-05-07 18:46:40.089669,38,f0:57:a6:a6:b6:b6
917,2025-05-07 18:46:40.089916,80,f0:57:a6:a6:b6:b6
918,2025-05-07 18:46:40.090315,38,f0:57:a6:a6:b6:b6
919,2025-05-07 18:46:40.090559,80,f0:57:a6:a6:b6:b6
920,2025-05-07 18:46:40.090722,38,f0:57:a6:a6:b6:b6
921,2025-05-07 18:46:40.090801,38,f0:57:a6:a6:b6:b6
922,2025-05-07 18:46:40.133486,80,f0:57:a6:a6:b6:b6
923,2025-05-07 18:46:40.133668,38,f0:57:a6:a6:b6:b6
924,2025-05-07 18:46:40.133738,80,f0:57:a6:a6:b6:b6
925,2025-05-07 18:46:40.139091,80,f0:57:a6:a6:b6:b6
926,2025-05-07 18:46:40.139290,80,f0:57:a6:a6:b6:b6
927,2025-05-07 18:46:40.143009,38,f0:57:a6:a6:b6:b6
928,2025-05-07 18:46:40.143129,80,f0:57:a6:a6:b6:b6
929,2025-05-07 18:46:40.143304,38,f0:57:a6:a6:b6:b6
930,2025-05-07 18:46:40.143465,38,f0:57:a6:a6:b6:b6
931,2025-05-07 18:46:40.150287,38,f0:57:a6:a6:b6:b6
932,2025-05-07 18:46:40.150334,38,f0:57:a6:a6:b6:b6
933,2025-05-07 18:46:40.157679,38,f0:57:a6:a6:b6:b6
934,2025-05-07 18:46:40.157874,80,f0:57:a6:a6:b6:b6
935,2025-05-07 18:46:40.158041,38,f0:57:a6:a6:b6:b6
936,2025-05-07 18:46:40.158085,38,f0:57:a6:a6:b6:b6
937,2025-05-07 18:46:40.165234,80,f0:57:a6:a6:b6:b6
938,2025-05-07 18:46:40.172147,38,f0:57:a6:a6:b6:b6
939,2025-05-07 18:46:40.172262,38,f0:57:a6:a6:b6:b6
940,2025-05-07 18:46:40.172932,38,f0:57:a6:a6:b6:b6
941,2025-05-07 18:46:40.173273,80,f0:57:a6:a6:b6:b6
942,2025-05-07 18:46:40.173360,38,f0:57:a6:a6:b6:b6
943,2025-05-07 18:46:40.173504,80,f0:57:a6:a6:b6:b6
944,2025-05-07 18:46:40.189268,38,f0:57:a6:a6:b6:b6
945,2025-05-07 18:46:40.189312,38,f0:57:a6:a6:b6:b6
946,2025-05-07 18:46:40.189470,38,f0:57:a6:a6:b6:b6
947,2025-05-07 18:46:40.189658,80,f0:57:a6:a6:b6:b6
948,2025-05-07 18:46:40.195470,38,f0:57:a6:a6:b6:b6
949,2025-05-07 18:46:40.195635,38,f0:57:a6:a6:b6:b6
950,2025-05-07 18:46:40.195861,38,f0:57:a6:a6:b6:b6
951,2025-05-07 18:46:40.196045,38,f0:57:a6:a6:b6:b6
952,2025-05-07 18:46:40.209551,38,f0:57:a6:a6:b6:b6
953,2025-05-07 18:46:40.211472,38,f0:57:a6:a6:b6:b6
954,2025-05-07 18:46:40.211639,38,f0:57:a6:a6:b6:b6
955,2025-05-07 18:46:40.212850,80,f0:57:a6:a6:b6:b6
956,2025-05-07 18:46:40.215688,38,f0:57:a6:a6:b6:b6
957,2025-05-07 18:46:40.215881,80,f0:57:a6:a6:b6:b6
958,2025-05-07 18:46:40.220484,38,f0:57:a6:a6:b6:b6
959,2025-05-07 18:46:40.220749,80,f0:57:a6:a6:b6:b6
960,2025-05-07 18:46:40.225576,38,f0:57:a6:a6:b6:b6
961,2025-05-07 18:46:40.227798,80,f0:57:a6:a6:b6:b6
962,2025-05-07 18:46:40.244041,38,f0:57:a6:a6:b6:b6
963,2025-05-07 18:46:40.265405,38,f0:57:a6:a6:b6:b6
964,2025-05-07 18:46:40.269907,80,f0:57:a6:a6:b6:b6
965,2025-05-07 18:46:40.272750,38,f0:57:a6:a6:b6:b6
966,2025-05-07 18:46:40.272891,80,f0:57:a6:a6:b6:b6
967,2025-05-07 18:46:40.289932,38,f0:57:a6:a6:b6:b6
968,2025-05-07 18:46:40.290093,38,f0:57:a6:a6:b6:b6
969,2025-05-07 18:46:40.293045,38,f0:57:a6:a6:b6:b6
970,2025-05-07 18:46:40.293204,38,f0:57:a6:a6:b6:b6
971,2025-05-07 18:46:40.294682,38,f0:57:a6:a6:b6:b6
972,2025-05-07 18:46:40.294730,38,f0:57:a6:a6:b6:b6
973,2025-05-07 18:46:40.303414,38,f0:57:a6:a6:b6:b6
974,2025-05-07 18:46:40.303781,80,f0:57:a6:a6:b6:b6
975,2025-05-07 18:46:40.325269,38,f0:57:a6:a6:b6:b6
976,2025-05-07 18:46:40.325502,38,f0:57:a6:a6:b6:b6
977,2025-05-07 18:46:40.325782,38,f0:57:a6:a6:b6:b6
978,2025-05-07 18:46:40.325910,38,f0:57:a6:a6:b6:b6
979,2025-05-07 18:46:40.337112,38,f0:57:a6:a6:b6:b6
980,2025-05-07 18:46:40.337282,38,f0:57:a6:a6:b6:b6
981,2025-05-07 18:46:40.341759,38,f0:57:a6:a6:b6:b6
982,2025-05-07 18:46:40.342020,38,f0:57:a6:a6:b6:b6
983,2025-05-07 18:46:40.347149,38,f0:57:a6:a6:b6:b6
984,2025-05-07 18:46:40.347194,38,f0:57:a6:a6:b6:b6
985,2025-05-07 18:46:40.347436,38,f0:57:a6:a6:b6:b6
986,2025-05-07 18:46:40.347718,80,f0:57:a6:a6:b6:b6
987,2025-05-07 18:46:40.360242,38,f0:57:a6:a6:b6:b6
988,2025-05-07 18:46:40.360406,38,f0:57:a6:a6:b6:b6
989,2025-05-07 18:46:40.371477,38,f0:57:a6:a6:b6:b6
990,2025-05-07 18:46:40.371641,38,f0:57:a6:a6:b6:b6
991,2025-05-07 18:46:40.372871,38,f0:57:a6:a6:b6:b6
992,2025-05-07 18:46:40.373109,80,f0:57:a6:a6:b6:b6
993,2025-05-07 18:46:40.373358,38,f0:57:a6:a6:b6:b6
994,2025-05-07 18:46:40.373402,38,f0:57:a6:a6:b6:b6
995,2025-05-07 18:46:40.375528,38,f0:57:a6:a6:b6:b6
996,2025-05-07 18:46:40.376139,80,f0:57:a6:a6:b6:b6
997,2025-05-07 18:46:40.376303,38,f0:57:a6:a6:b6:b6
998,2025-05-07 18:46:40.376346,38,f0:57:a6:a6:b6:b6
999,2025-05-07 18:46:40.378184,38,f0:57:a6:a6:b6:b6
1000,2025-05-07 18:46:40.378230,38,f0:57:a6:a6:b6:b6
1001,2025-05-07 18:46:40.379369,38,f0:57:a6:a6:b6:b6
1002,2025-05-07 18:46:40.385948,38,f0:57:a6:a6:b6:b6
1003,2025-05-07 18:46:40.391949,38,f0:57:a6:a6:b6:b6
1004,2025-05-07 18:46:40.392113,38,f0:57:a6:a6:b6:b6
1005,2025-05-07 18:46:40.405326,38,f0:57:a6:a6:b6:b6
1006,2025-05-07 18:46:40.405920,80,f0:57:a6:a6:b6:b6
1007,2025-05-07 18:46:40.411576,38,f0:57:a6:a6:b6:b6
1008,2025-05-07 18:46:40.412183,80,f0:57:a6:a6:b6:b6
1009,2025-05-07 18:46:40.412375,38,f0:57:a6:a6:b6:b6
1010,2025-05-07 18:46:40.412975,80,f0:57:a6:a6:b6:b6
1011,2025-05-07 18:46:40.416730,80,f0:57:a6:a6:b6:b6
1012,2025-05-07 18:46:40.433366,38,f0:57:a6:a6:b6:b6
1013,2025-05-07 18:46:40.438851,38,f0:57:a6:a6:b6:b6
1014,2025-05-07 18:46:40.439040,38,f0:57:a6:a6:b6:b6
1015,2025-05-07 18:46:40.453972,38,f0:57:a6:a6:b6:b6
1016,2025-05-07 18:46:40.454239,38,f0:57:a6:a6:b6:b6
1017,2025-05-07 18:46:40.462148,38,f0:57:a6:a6:b6:b6
1018,2025-05-07 18:46:40.473841,38,f0:57:a6:a6:b6:b6
1019,2025-05-07 18:46:40.473883,38,f0:57:a6:a6:b6:b6
1020,2025-05-07 18:46:40.476051,38,f0:57:a6:a6:b6:b6
1021,2025-05-07 18:46:40.476094,38,f0:57:a6:a6:b6:b6
1022,2025-05-07 18:46:40.476416,38,f0:57:a6:a6:b6:b6
1023,2025-05-07 18:46:40.476582,38,f0:57:a6:a6:b6:b6
1024,2025-05-07 18:46:40.478289,38,f0:57:a6:a6:b6:b6
1025,2025-05-07 18:46:40.478448,38,f0:57:a6:a6:b6:b6
1026,2025-05-07 18:46:40.480614,38,f0:57:a6:a6:b6:b6
1027,2025-05-07 18:46:40.480774,38,f0:57:a6:a6:b6:b6
1028,2025-05-07 18:46:40.494597,38,f0:57:a6:a6:b6:b6
1029,2025-05-07 18:46:40.494641,38,f0:57:a6:a6:b6:b6
1030,2025-05-07 18:46:40.509069,38,f0:57:a6:a6:b6:b6
1031,2025-05-07 18:46:40.509117,38,f0:57:a6:a6:b6:b6
1032,2025-05-07 18:46:40.514447,38,f0:57:a6:a6:b6:b6
1033,2025-05-07 18:46:40.514970,80,f0:57:a6:a6:b6:b6
1034,2025-05-07 18:46:40.541678,38,f0:57:a6:a6:b6:b6
1035,2025-05-07 18:46:40.541843,38,f0:57:a6:a6:b6:b6
1036,2025-05-07 18:46:40.555591,38,f0:57:a6:a6:b6:b6
1037,2025-05-07 18:46:40.555633,38,f0:57:a6:a6:b6:b6
1038,2025-05-07 18:46:40.564226,38,f0:57:a6:a6:b6:b6
1039,2025-05-07 18:46:40.564389,38,f0:57:a6:a6:b6:b6
1040,2025-05-07 18:46:40.565131,38,f0:57:a6:a6:b6:b6
1041,2025-05-07 18:46:40.565175,38,f0:57:a6:a6:b6:b6
1042,2025-05-07 18:46:40.571227,38,f0:57:a6:a6:b6:b6
1043,2025-05-07 18:46:40.571391,38,f0:57:a6:a6:b6:b6
1044,2025-05-07 18:46:40.600678,38,f0:57:a6:a6:b6:b6
1045,2025-05-07 18:46:40.600723,38,f0:57:a6:a6:b6:b6
1046,2025-05-07 18:46:40.618434,38,f0:57:a6:a6:b6:b6
1047,2025-05-07 18:46:40.618479,38,f0:57:a6:a6:b6:b6
1048,2025-05-07 18:46:40.627622,38,f0:57:a6:a6:b6:b6
1049,2025-05-07 18:46:40.627787,38,f0:57:a6:a6:b6:b6
1050,2025-05-07 18:46:40.631926,38,f0:57:a6:a6:b6:b6
1051,2025-05-07 18:46:40.632080,38,f0:57:a6:a6:b6:b6
1052,2025-05-07 18:46:40.637417,38,f0:57:a6:a6:b6:b6
1053,2025-05-07 18:46:40.637462,38,f0:57:a6:a6:b6:b6
1054,2025-05-07 18:46:41.177924,38,f0:57:a6:a6:b6:b6
1055,2025-05-07 18:46:41.178556,80,f0:57:a6:a6:b6:b6
1056,2025-05-07 18:46:41.214603,38,f0:57:a6:a6:b6:b6
1057,2025-05-07 18:46:41.214773,38,f0:57:a6:a6:b6:b6
1058,2025-05-07 18:46:41.215927,38,f0:57:a6:a6:b6:b6
1059,2025-05-07 18:46:41.216087,38,f0:57:a6:a6:b6:b6
1060,2025-05-07 18:46:41.235657,38,f0:57:a6:a6:b6:b6
1061,2025-05-07 18:46:41.245548,38,f0:57:a6:a6:b6:b6
1062,2025-05-07 18:46:41.245713,38,f0:57:a6:a6:b6:b6
1063,2025-05-07 18:46:41.246269,38,f0:57:a6:a6:b6:b6
1064,2025-05-07 18:46:41.246433,38,f0:57:a6:a6:b6:b6
1065,2025-05-07 18:46:41.249249,38,f0:57:a6:a6:b6:b6
1066,2025-05-07 18:46:41.249473,38,f0:57:a6:a6:b6:b6
1067,2025-05-07 18:46:41.250368,38,f0:57:a6:a6:b6:b6
1068,2025-05-07 18:46:41.250599,38,f0:57:a6:a6:b6:b6
1069,2025-05-07 18:46:41.268715,38,f0:57:a6:a6:b6:b6
1070,2025-05-07 18:46:41.268912,80,f0:57:a6:a6:b6:b6
1071,2025-05-07 18:46:41.269290,38,f0:57:a6:a6:b6:b6
1072,2025-05-07 18:46:41.269452,38,f0:57:a6:a6:b6:b6
1073,2025-05-07 18:46:41.285153,38,f0:57:a6:a6:b6:b6
1074,2025-05-07 18:46:41.285742,80,f0:57:a6:a6:b6:b6
1075,2025-05-07 18:46:41.285918,38,f0:57:a6:a6:b6:b6
1076,2025-05-07 18:46:41.286034,38,f0:57:a6:a6:b6:b6
1077,2025-05-07 18:46:41.287250,38,f0:57:a6:a6:b6:b6
1078,2025-05-07 18:46:41.287297,38,f0:57:a6:a6:b6:b6
1079,2025-05-07 18:46:41.288216,38,f0:57:a6:a6:b6:b6
1080,2025-05-07 18:46:41.288260,38,f0:57:a6:a6:b6:b6
1081,2025-05-07 18:46:41.294649,38,f0:57:a6:a6:b6:b6
1082,2025-05-07 18:46:41.294899,80,f0:57:a6:a6:b6:b6
1083,2025-05-07 18:46:41.303501,38,f0:57:a6:a6:b6:b6
1084,2025-05-07 18:46:41.303690,80,f0:57:a6:a6:b6:b6
1085,2025-05-07 18:46:41.336300,38,f0:57:a6:a6:b6:b6
1086,2025-05-07 18:46:41.336410,80,f0:57:a6:a6:b6:b6
1087,2025-05-07 18:46:41.337134,38,f0:57:a6:a6:b6:b6
1088,2025-05-07 18:46:41.337249,80,f0:57:a6:a6:b6:b6
1089,2025-05-07 18:46:41.340166,80,f0:57:a6:a6:b6:b6
1090,2025-05-07 18:46:41.347656,38,f0:57:a6:a6:b6:b6
1091,2025-05-07 18:46:41.347820,38,f0:57:a6:a6:b6:b6
1092,2025-05-07 18:46:41.357462,38,f0:57:a6:a6:b6:b6
1093,2025-05-07 18:46:41.358186,38,f0:57:a6:a6:b6:b6
1094,2025-05-07 18:46:41.360283,38,f0:57:a6:a6:b6:b6
1095,2025-05-07 18:46:41.360641,80,f0:57:a6:a6:b6:b6
1096,2025-05-07 18:46:41.365846,38,f0:57:a6:a6:b6:b6
1097,2025-05-07 18:46:41.366043,80,f0:57:a6:a6:b6:b6
1098,2025-05-07 18:46:41.366394,80,f0:57:a6:a6:b6:b6
1099,2025-05-07 18:46:41.402204,38,f0:57:a6:a6:b6:b6
1100,2025-05-07 18:46:41.402649,80,f0:57:a6:a6:b6:b6
1101,2025-05-07 18:46:41.418189,38,f0:57:a6:a6:b6:b6
1102,2025-05-07 18:46:41.418233,38,f0:57:a6:a6:b6:b6
1103,2025-05-07 18:46:41.419327,38,f0:57:a6:a6:b6:b6
1104,2025-05-07 18:46:41.534863,38,f0:57:a6:a6:b6:b6
1105,2025-05-07 18:46:41.535230,38,f0:57:a6:a6:b6:b6
1106,2025-05-07 18:46:41.535273,38,f0:57:a6:a6:b6:b6
1107,2025-05-07 18:46:41.536807,38,f0:57:a6:a6:b6:b6
1108,2025-05-07 18:46:41.537001,80,f0:57:a6:a6:b6:b6
1109,2025-05-07 18:46:41.537366,38,f0:57:a6:a6:b6:b6
1110,2025-05-07 18:46:41.537436,80,f0:57:a6:a6:b6:b6
1111,2025-05-07 18:46:41.556482,38,f0:57:a6:a6:b6:b6
1112,2025-05-07 18:46:41.556647,38,f0:57:a6:a6:b6:b6
1113,2025-05-07 18:46:41.572289,38,f0:57:a6:a6:b6:b6
1114,2025-05-07 18:46:41.572451,38,f0:57:a6:a6:b6:b6
1115,2025-05-07 18:46:41.588393,38,f0:57:a6:a6:b6:b6
1116,2025-05-07 18:46:41.703608,38,f0:57:a6:a6:b6:b6
1117,2025-05-07 18:46:41.731897,38,f0:57:a6:a6:b6:b6
1118,2025-05-07 18:46:41.757008,38,f0:57:a6:a6:b6:b6
1119,2025-05-07 18:46:41.757302,38,f0:57:a6:a6:b6:b6
1120,2025-05-07 18:46:41.757445,80,f0:57:a6:a6:b6:b6
1121,2025-05-07 18:46:41.796434,38,f0:57:a6:a6:b6:b6
1122,2025-05-07 18:46:41.796595,38,f0:57:a6:a6:b6:b6
1123,2025-05-07 18:46:41.797705,38,f0:57:a6:a6:b6:b6
1124,2025-05-07 18:46:41.797868,38,f0:57:a6:a6:b6:b6
1125,2025-05-07 18:46:41.798765,38,f0:57:a6:a6:b6:b6
1126,2025-05-07 18:46:41.905531,38,f0:57:a6:a6:b6:b6
1127,2025-05-07 18:46:41.933320,38,f0:57:a6:a6:b6:b6
1128,2025-05-07 18:46:41.956839,38,f0:57:a6:a6:b6:b6
1129,2025-05-07 18:46:41.997158,38,f0:57:a6:a6:b6:b6
1130,2025-05-07 18:46:41.997200,38,f0:57:a6:a6:b6:b6
1131,2025-05-07 18:46:41.998142,38,f0:57:a6:a6:b6:b6
1132,2025-05-07 18:46:42.043849,38,f0:57:a6:a6:b6:b6
1133,2025-05-07 18:46:42.044054,38,f0:57:a6:a6:b6:b6
1134,2025-05-07 18:46:42.044352,80,f0:57:a6:a6:b6:b6
1135,2025-05-07 18:46:42.069684,38,f0:57:a6:a6:b6:b6
1136,2025-05-07 18:46:42.203043,38,f0:57:a6:a6:b6:b6
1137,2025-05-07 18:46:42.203336,38,f0:57:a6:a6:b6:b6
1138,2025-05-07 18:46:42.203570,80,f0:57:a6:a6:b6:b6
1139,2025-05-07 18:46:42.204944,38,f0:57:a6:a6:b6:b6
1140,2025-05-07 18:46:42.205107,38,f0:57:a6:a6:b6:b6
1141,2025-05-07 18:46:42.223311,38,f0:57:a6:a6:b6:b6
1142,2025-05-07 18:46:42.290370,38,f0:57:a6:a6:b6:b6
1143,2025-05-07 18:46:42.292066,38,f0:57:a6:a6:b6:b6
1144,2025-05-07 18:46:42.292229,38,f0:57:a6:a6:b6:b6
1145,2025-05-07 18:46:42.297835,80,f0:57:a6:a6:b6:b6
1146,2025-05-07 18:46:42.312025,38,f0:57:a6:a6:b6:b6
1147,2025-05-07 18:46:42.312289,80,f0:57:a6:a6:b6:b6
1148,2025-05-07 18:46:42.317548,38,f0:57:a6:a6:b6:b6
1149,2025-05-07 18:46:42.343394,38,f0:57:a6:a6:b6:b6
1150,2025-05-07 18:46:42.343682,38,f0:57:a6:a6:b6:b6
1151,2025-05-07 18:46:42.344103,80,f0:57:a6:a6:b6:b6
1152,2025-05-07 18:46:42.354945,38,f0:57:a6:a6:b6:b6
1153,2025-05-07 18:46:42.355179,80,f0:57:a6:a6:b6:b6
1154,2025-05-07 18:46:42.355345,38,f0:57:a6:a6:b6:b6
1155,2025-05-07 18:46:42.355462,38,f0:57:a6:a6:b6:b6
1156,2025-05-07 18:46:42.367456,38,f0:57:a6:a6:b6:b6
1157,2025-05-07 18:46:42.367644,80,f0:57:a6:a6:b6:b6
1158,2025-05-07 18:46:42.368610,38,f0:57:a6:a6:b6:b6
1159,2025-05-07 18:46:42.368727,38,f0:57:a6:a6:b6:b6
1160,2025-05-07 18:46:42.374025,38,f0:57:a6:a6:b6:b6
1161,2025-05-07 18:46:42.374174,80,f0:57:a6:a6:b6:b6
1162,2025-05-07 18:46:42.374331,38,f0:57:a6:a6:b6:b6
1163,2025-05-07 18:46:42.374402,80,f0:57:a6:a6:b6:b6
1164,2025-05-07 18:46:42.410407,38,f0:57:a6:a6:b6:b6
1165,2025-05-07 18:46:42.420471,368,f0:57:a6:a6:b6:b6
1166,2025-05-07 18:46:42.425663,593,f0:57:a6:a6:b6:b6
1167,2025-05-07 18:46:42.426358,230,f0:57:a6:a6:b6:b6
1168,2025-05-07 18:46:42.426941,230,f0:57:a6:a6:b6:b6
1169,2025-05-07 18:46:42.428682,230,f0:57:a6:a6:b6:b6
1170,2025-05-07 18:46:42.429467,252,f0:57:a6:a6:b6:b6
1171,2025-05-07 18:46:42.430208,233,f0:57:a6:a6:b6:b6
1172,2025-05-07 18:46:42.482358,392,f0:57:a6:a6:b6:b6
1173,2025-05-07 18:46:42.492479,593,f0:57:a6:a6:b6:b6
1174,2025-05-07 18:46:42.497170,230,f0:57:a6:a6:b6:b6
1175,2025-05-07 18:46:42.497955,252,f0:57:a6:a6:b6:b6
1176,2025-05-07 18:46:42.509895,252,f0:57:a6:a6:b6:b6
1177,2025-05-07 18:46:42.510655,233,f0:57:a6:a6:b6:b6
1178,2025-05-07 18:46:42.517374,38,f0:57:a6:a6:b6:b6
1179,2025-05-07 18:46:42.517539,38,f0:57:a6:a6:b6:b6
1180,2025-05-07 18:46:42.518053,80,f0:57:a6:a6:b6:b6
1181,2025-05-07 18:46:42.519220,38,f0:57:a6:a6:b6:b6
1182,2025-05-07 18:46:42.519410,80,f0:57:a6:a6:b6:b6
1183,2025-05-07 18:46:42.543381,38,f0:57:a6:a6:b6:b6
1184,2025-05-07 18:46:42.550277,269,f0:57:a6:a6:b6:b6
1185,2025-05-07 18:46:42.552806,272,f0:57:a6:a6:b6:b6
1186,2025-05-07 18:46:42.568693,38,f0:57:a6:a6:b6:b6
1187,2025-05-07 18:46:42.569023,38,f0:57:a6:a6:b6:b6
1188,2025-05-07 18:46:42.578756,38,f0:57:a6:a6:b6:b6
1189,2025-05-07 18:46:42.578925,38,f0:57:a6:a6:b6:b6
1190,2025-05-07 18:46:42.592117,38,f0:57:a6:a6:b6:b6
1191,2025-05-07 18:46:42.592161,38,f0:57:a6:a6:b6:b6
1192,2025-05-07 18:46:42.592405,38,f0:57:a6:a6:b6:b6
1193,2025-05-07 18:46:42.592807,38,f0:57:a6:a6:b6:b6
1194,2025-05-07 18:46:42.592970,38,f0:57:a6:a6:b6:b6
1195,2025-05-07 18:46:42.612787,38,f0:57:a6:a6:b6:b6
1196,2025-05-07 18:46:42.678638,38,f0:57:a6:a6:b6:b6
1197,2025-05-07 18:46:42.817353,38,f0:57:a6:a6:b6:b6
1198,2025-05-07 18:46:42.934624,38,f0:57:a6:a6:b6:b6
1199,2025-05-07 18:46:43.022149,38,f0:57:a6:a6:b6:b6
1200,2025-05-07 18:46:43.076771,38,f0:57:a6:a6:b6:b6
1201,2025-05-07 18:46:43.078678,38,f0:57:a6:a6:b6:b6
1202,2025-05-07 18:46:43.124449,38,f0:57:a6:a6:b6:b6
1203,2025-05-07 18:46:43.190549,38,f0:57:a6:a6:b6:b6
1204,2025-05-07 18:46:43.190756,38,f0:57:a6:a6:b6:b6
1205,2025-05-07 18:46:43.191297,80,f0:57:a6:a6:b6:b6
1206,2025-05-07 18:46:43.227056,38,f0:57:a6:a6:b6:b6
1207,2025-05-07 18:46:43.293081,38,f0:57:a6:a6:b6:b6
1208,2025-05-07 18:46:43.296099,38,f0:57:a6:a6:b6:b6
1209,2025-05-07 18:46:43.296142,38,f0:57:a6:a6:b6:b6
1210,2025-05-07 18:46:43.431766,38,f0:57:a6:a6:b6:b6
1211,2025-05-07 18:46:43.549130,38,f0:57:a6:a6:b6:b6
1212,2025-05-07 18:46:43.549298,38,f0:57:a6:a6:b6:b6
1213,2025-05-07 18:46:43.549459,38,f0:57:a6:a6:b6:b6
1214,2025-05-07 18:46:43.551747,38,f0:57:a6:a6:b6:b6
1215,2025-05-07 18:46:43.552229,80,f0:57:a6:a6:b6:b6
1216,2025-05-07 18:46:43.552315,38,f0:57:a6:a6:b6:b6
1217,2025-05-07 18:46:43.552358,38,f0:57:a6:a6:b6:b6
1218,2025-05-07 18:46:43.559485,38,f0:57:a6:a6:b6:b6
1219,2025-05-07 18:46:43.559602,38,f0:57:a6:a6:b6:b6
1220,2025-05-07 18:46:43.586679,38,f0:57:a6:a6:b6:b6
1221,2025-05-07 18:46:43.586970,80,f0:57:a6:a6:b6:b6
1222,2025-05-07 18:46:43.623199,38,f0:57:a6:a6:b6:b6
1223,2025-05-07 18:46:43.623362,38,f0:57:a6:a6:b6:b6
1224,2025-05-07 18:46:43.636554,38,f0:57:a6:a6:b6:b6
1225,2025-05-07 18:46:43.755465,38,f0:57:a6:a6:b6:b6
1226,2025-05-07 18:46:43.758413,38,f0:57:a6:a6:b6:b6
1227,2025-05-07 18:46:43.758600,38,f0:57:a6:a6:b6:b6
1228,2025-05-07 18:46:43.840305,38,f0:57:a6:a6:b6:b6
1229,2025-05-07 18:46:43.840347,38,f0:57:a6:a6:b6:b6
1230,2025-05-07 18:46:43.841601,38,f0:57:a6:a6:b6:b6
1231,2025-05-07 18:46:43.925029,38,f0:57:a6:a6:b6:b6
1232,2025-05-07 18:46:43.951028,38,f0:57:a6:a6:b6:b6
1233,2025-05-07 18:46:43.986588,38,f0:57:a6:a6:b6:b6
1234,2025-05-07 18:46:43.993014,38,f0:57:a6:a6:b6:b6
1235,2025-05-07 18:46:43.993058,38,f0:57:a6:a6:b6:b6
1236,2025-05-07 18:46:44.052046,38,f0:57:a6:a6:b6:b6
1237,2025-05-07 18:46:44.117991,38,f0:57:a6:a6:b6:b6
1238,2025-05-07 18:46:44.250598,38,f0:57:a6:a6:b6:b6
1239,2025-05-07 18:46:44.250852,80,f0:57:a6:a6:b6:b6
1240,2025-05-07 18:46:44.267118,38,f0:57:a6:a6:b6:b6
1241,2025-05-07 18:46:44.267375,80,f0:57:a6:a6:b6:b6
1242,2025-05-07 18:46:44.267701,38,f0:57:a6:a6:b6:b6
1243,2025-05-07 18:46:44.267943,38,f0:57:a6:a6:b6:b6
1244,2025-05-07 18:46:44.268106,38,f0:57:a6:a6:b6:b6
1245,2025-05-07 18:46:44.268423,80,f0:57:a6:a6:b6:b6
1246,2025-05-07 18:46:44.268583,38,f0:57:a6:a6:b6:b6
1247,2025-05-07 18:46:44.268652,80,f0:57:a6:a6:b6:b6
1248,2025-05-07 18:46:44.270031,38,f0:57:a6:a6:b6:b6
1249,2025-05-07 18:46:44.270195,38,f0:57:a6:a6:b6:b6
1250,2025-05-07 18:46:44.284543,38,f0:57:a6:a6:b6:b6
1251,2025-05-07 18:46:44.284587,38,f0:57:a6:a6:b6:b6
1252,2025-05-07 18:46:44.284907,38,f0:57:a6:a6:b6:b6
1253,2025-05-07 18:46:44.284951,38,f0:57:a6:a6:b6:b6
1254,2025-05-07 18:46:44.287239,38,f0:57:a6:a6:b6:b6
1255,2025-05-07 18:46:44.287432,80,f0:57:a6:a6:b6:b6
1256,2025-05-07 18:46:44.288653,38,f0:57:a6:a6:b6:b6
1257,2025-05-07 18:46:44.288816,38,f0:57:a6:a6:b6:b6
1258,2025-05-07 18:46:44.382109,38,f0:57:a6:a6:b6:b6
1259,2025-05-07 18:46:44.382273,38,f0:57:a6:a6:b6:b6
1260,2025-05-07 18:46:44.386364,38,f0:57:a6:a6:b6:b6
1261,2025-05-07 18:46:44.386625,38,f0:57:a6:a6:b6:b6
1262,2025-05-07 18:46:44.386788,38,f0:57:a6:a6:b6:b6
1263,2025-05-07 18:46:44.386830,38,f0:57:a6:a6:b6:b6
1264,2025-05-07 18:46:44.498471,38,f0:57:a6:a6:b6:b6
1265,2025-05-07 18:46:44.498641,38,f0:57:a6:a6:b6:b6
1266,2025-05-07 18:46:44.502960,38,f0:57:a6:a6:b6:b6
1267,2025-05-07 18:46:44.503124,38,f0:57:a6:a6:b6:b6
1268,2025-05-07 18:46:44.504561,38,f0:57:a6:a6:b6:b6
1269,2025-05-07 18:46:44.504866,80,f0:57:a6:a6:b6:b6
1270,2025-05-07 18:46:44.557821,38,f0:57:a6:a6:b6:b6
1271,2025-05-07 18:46:44.558172,80,f0:57:a6:a6:b6:b6
1272,2025-05-07 18:46:44.611376,38,f0:57:a6:a6:b6:b6
1273,2025-05-07 18:46:44.611541,38,f0:57:a6:a6:b6:b6
1274,2025-05-07 18:46:44.611915,38,f0:57:a6:a6:b6:b6
1275,2025-05-07 18:46:44.611958,38,f0:57:a6:a6:b6:b6
1276,2025-05-07 18:46:44.673404,38,f0:57:a6:a6:b6:b6
1277,2025-05-07 18:46:44.673565,38,f0:57:a6:a6:b6:b6
1278,2025-05-07 18:46:44.704233,38,f0:57:a6:a6:b6:b6
1279,2025-05-07 18:46:44.704278,38,f0:57:a6:a6:b6:b6
