timestamp,csipca_0,csipca_1,csipca_2
0.0,11.789747950729634,-2.8470429515508826,-0.12474639418497868
0.0006840229034423828,12.432247877623865,-2.9039602165167224,-0.2113870866702363
0.016158103942871094,13.212152795038378,-2.941597228748037,-0.3254946336124902
0.02031397819519043,14.30870226485149,-2.8323128177078374,-0.08762875353263122
0.03400301933288574,15.639537489940494,-2.812809738124919,-0.3994353646610207
0.03873109817504883,17.252525561615016,-2.7120500292377443,-0.615678325446624
0.048493146896362305,18.9825166607921,-2.59671338956052,-0.8974691888505546
0.05020594596862793,20.65852674580492,-2.4019467663493117,-0.8729506319097708
0.07914900779724121,22.12961930848917,-1.9302295426273304,0.3500696962800902
0.0807950496673584,22.75073661579711,-1.8914382332510016,0.3657899531128763
0.08206009864807129,22.44069009715929,-1.9763775370201557,0.47188224008183544
0.09410309791564941,20.789412221300665,-2.6222370755681865,-0.7992524879542209
0.09521698951721191,18.168709049582276,-2.972913419800804,-0.26205458914071467
0.13467097282409668,14.501264939712655,-3.250341642411435,1.25442642358962
0.13534998893737793,9.74412418552589,-3.85048175558957,2.1995214255854583
0.1363680362701416,4.32895946549138,-4.487883657420582,3.4287593851645424
0.1446981430053711,-1.6584589383513162,-5.694995451905314,2.752215463505105
0.1497359275817871,-7.258213256568581,-6.432608867092924,3.681415577398453
0.15909409523010254,-13.921237287990607,-10.214386729449771,-6.8820426737043805
0.1598670482635498,-17.594423511367893,-10.028555275582285,-3.5977870687000264
0.17121505737304688,-19.427419665631874,-8.528139185180088,3.677474352533511
0.17366814613342285,-22.22494187157821,-11.26347331665783,-5.399389410306992
0.18704795837402344,-21.023135479848804,-8.825779176852855,3.498382314131624
0.19043493270874023,-19.853001829294556,-8.60155448232399,3.5030374191154356
0.20664215087890625,-17.83649311047094,-8.498867656383496,2.3959498016182073
0.20800399780273438,-15.026405754014945,-8.069794338674484,2.0028670707338234
0.2237241268157959,-11.912004839696579,-7.647501523094519,1.3164119063843167
0.2246091365814209,-8.756012706812726,-7.158952533607902,0.8042580690477685
0.23800110816955566,-5.837119508635112,-6.638260478628631,0.5174797364635204
0.2386031150817871,-3.4450661332541586,-6.253303204816859,-0.01866970031196824
0.24920415878295898,-1.677085519620789,-5.937011692852693,-0.4649780173467384
0.2567911148071289,-0.5530519061202881,-5.604857840665588,-0.4615736741075309
0.27703213691711426,-0.13472596373537726,-5.367074948328259,-0.3978226296491598
0.2790861129760742,-0.36854122186900895,-5.209516352176877,-0.2410293451711325
0.28753113746643066,-1.1845233365469312,-5.156340760608295,-0.12216176333160145
0.2974820137023926,-2.4478054328229746,-5.15461911359958,0.09275986650902301
0.3001070022583008,-4.015742429532281,-5.162509777773629,0.4875533270026964
0.3193631172180176,-5.827139095132452,-5.30303359167155,0.5401439517420628
0.3271470069885254,-7.655063381064963,-5.3855323400553985,0.8726922115926172
0.3305070400238037,-9.43418013786112,-5.518081233691888,1.0204657310060157
0.33966708183288574,-11.029979201699405,-5.664932602311168,1.0493749960925662
0.34960293769836426,-12.434204129089323,-6.010786979771652,0.2296293383232062
0.3625929355621338,-13.267516682990845,-6.012455340415919,0.4985186992115438
0.36317014694213867,-13.689709883255944,-6.1137491015553,0.20616490210947025
0.3718130588531494,-13.522870743421095,-6.076223631045259,0.20812077761937364
0.37679100036621094,-12.652995146794467,-5.730146497820023,1.126861325159186
0.38718104362487793,-11.384649290484276,-5.6378300402491135,0.9318390751743693
0.39373207092285156,-9.77570978761321,-5.828831832660548,-0.44705198135796276
0.40592408180236816,-7.420639104229281,-5.38849414482754,0.37888694789070887
0.40824103355407715,-4.912840308920863,-5.230778678751271,0.1358312737702001
0.43027305603027344,-2.2562845581281863,-5.102271453016229,-0.1873643011257904
0.4307861328125,0.3904594275216482,-5.008643755714523,-0.5503648573917992
0.464724063873291,2.9284739181551345,-4.833191032328706,-0.4763057409828846
0.4919929504394531,5.317313974426156,-4.367521969341283,0.8304202037112234
0.494365930557251,7.064030988600507,-4.308601370847121,0.8425149213366361
0.4975900650024414,8.223712505809942,-4.3916203805352865,0.5210086340033186
0.5059299468994141,8.950442298676819,-4.260320513253333,1.1419912670069359
0.5183510780334473,9.18429330724041,-4.069484069666977,2.1036244468090137
0.519442081451416,8.812450881138318,-4.177350111506705,2.0557888092328787
0.5294229984283447,6.716010732228369,-6.934739492102388,-7.619564013522276
0.5414149761199951,7.313330950549755,-4.270857499760886,2.492399034114693
0.546097993850708,6.47837776350957,-4.3164930493445794,2.707507448176954
0.5546729564666748,5.636985453392299,-4.678146182942392,1.7543122171541008
0.5631041526794434,5.194771595722386,-4.839662389584561,1.5239490084982592
0.6091771125793457,4.984210948679618,-5.279906768547519,0.2853332705739746
0.6346030235290527,4.96804144564959,-6.114202712974574,-2.362559678750846
0.6353189945220947,5.841562293949437,-5.940762660293736,-1.2855945326695462
0.6462171077728271,7.080846457314863,-5.539198494150746,0.6890354937572447
0.6485130786895752,8.135139196603461,-5.634443261965515,0.9306447482822116
0.6580021381378174,9.205376078371444,-5.459852607070744,2.248329128311215
0.6637530326843262,9.765760212958185,-5.603749155609776,2.5063010481417214
0.6668460369110107,9.758609620368304,-5.7992836616260774,2.687991039548325
0.6789979934692383,7.457642276889203,-9.018675254964279,-8.043947874157805
0.6835110187530518,7.569438602247203,-6.176608057858232,3.4575754525855045
0.6989829540252686,4.9739836857499995,-6.938947757608339,1.9081381384371128
0.715796947479248,1.6408328420970406,-7.709695501425976,0.382529611366514
0.7232489585876465,-2.0565381361217874,-8.067916502945742,0.33433669378468456
0.7306129932403564,-5.924716215731678,-8.062934711832789,1.4603689237491324
0.7315020561218262,-9.912152383348939,-8.1009368831186,2.1189491284639024
0.7468881607055664,-13.399906870037796,-7.5468361656538505,4.44629469273564
0.7508959770202637,-16.528139433390947,-7.170466221580092,5.456627593310048
0.7568950653076172,-18.773994297514037,-6.387064813592083,7.142098849614121
0.7702319622039795,-22.951308323354397,-10.769803636903433,-10.904758084154484
0.7731590270996094,-23.447353648950468,-9.74057120248061,-10.06876039583327
0.787559986114502,-22.390467012721956,-7.167986742802761,-4.337716405965897
0.792971134185791,-20.042907255155058,-3.206931589935458,5.9526789767253225
0.8018081188201904,-19.146819228038282,-2.587691575381939,3.8534081178725925
0.8062989711761475,-18.012879825797995,-1.617314478023303,3.1919816835579793
0.8262231349945068,-17.12986071333006,-0.7845079634915351,2.5382700467406094
0.8520591259002686,-16.711756852275755,-0.19618273873441439,1.8093495260538746
0.8818199634552002,-16.84656746020562,0.08811224709654653,1.0105378572025068
0.8836040496826172,-17.361045011692568,0.2956379226498669,1.0820917901290443
0.8902831077575684,-18.917798517123913,-1.1158827597710612,-3.61559154101142
0.8913741111755371,-19.12040851728858,-0.03293804338974127,1.7929747377579937
0.9078121185302734,-20.939280160046962,-2.5654982607464802,-5.221046351636869
0.9157819747924805,-21.27815593124518,-3.3230368002770376,-5.302094947361991
0.9168641567230225,-19.535576801204,-1.5491785629454,3.956133886793899
0.9368569850921631,-18.183084004803163,-2.158124967911462,4.266735971120215
0.9400279521942139,-15.899047765545106,-2.698578398536476,4.249356587428511
0.9465930461883545,-14.376992179784168,-6.227880303785895,-7.508614562770014
1.050753116607666,-8.543761875367466,-2.8010042084282745,5.113002459104471
1.0605170726776123,-5.712014787955411,-5.756411409046862,-6.605970693609579
1.0729939937591553,0.4768174264150389,-2.4319734318044155,3.596752672769976
1.0784530639648438,4.866832563215553,-1.9035765954636545,2.7849491239176656
1.0810410976409912,8.687795957602589,-1.164798902274697,2.2040107524216763
1.0904419422149658,11.534922486176413,-0.37931373958711845,1.6067019424875817
1.0981841087341309,11.641107234489539,-2.4308387151463577,-9.137801145072082
1.1112799644470215,13.223236074883687,0.9280861699154954,0.4545341480824867
1.1250121593475342,11.895202804319297,1.4186277989150966,0.5318555834882404
1.1259851455688477,9.166637055407307,1.6602339672045048,0.9265618343386415
1.134429931640625,5.0723298492196705,1.2182292604755887,0.21439729685081166
1.139876127243042,0.37078874605225565,0.796186239799141,0.985154703931314
1.1431341171264648,-4.642059428678692,0.0515594358419591,1.8610866342651697
1.148339033126831,-9.40010690351346,-0.9269035407940649,2.892415110113773
1.183743953704834,-13.481401557033792,-2.2927223361253724,3.1234417891840236
1.203045129776001,-17.367004654849495,-5.760418422166616,-4.177708703394498
1.2296781539916992,-17.266004563488877,-4.701095852826782,4.672373912498073
1.2556331157684326,-18.674433130118757,-9.732381903843688,-9.533150046466073
1.2595460414886475,-16.618138698356518,-11.280578559350516,-12.240097196938091
1.261357069015503,-9.972992309101016,-6.707736252410363,5.9361608875708205
1.2715070247650146,-5.058421826796291,-7.1826966050950105,4.164746311873379
1.2818529605865479,0.6893364586974258,-6.880584338367548,3.7765636710414254
1.2821500301361084,6.434990575615984,-6.36480059848342,2.9325291830377536
1.285681962966919,11.67483979295855,-5.655088567386585,1.8784990774644001
1.2872791290283203,16.036300251580144,-4.718270203313814,1.1105091643124745
1.3026080131530762,19.19331986560121,-3.7050487955283558,0.46607538221362366
1.3037300109863281,21.047139313164053,-2.641703509070645,0.20946274947398114
1.3159849643707275,21.49607728330045,-1.856026339778495,-0.5534765609122025
1.3172240257263184,20.86873428869444,-1.108947061335158,-0.7282023668568172
1.331031084060669,19.570007838855133,-0.1883877917305341,0.5904766331605977
1.3336851596832275,17.531215315747886,0.14057810456098707,0.649487630316947
1.3439960479736328,15.263269412433942,0.22022762524797912,0.6487980744109685
1.3464491367340088,11.481653857159984,-2.919320792595883,-10.370471904577158
1.3638839721679688,11.34335886636643,0.08535704582069314,1.576052677138658
1.3655240535736084,9.954652704799571,-0.26962594281168606,1.6018747245521248
1.3796250820159912,9.134546477498077,-0.6283969843367316,1.7324940241106674
1.3895461559295654,8.861883504601224,-0.9978907987677772,1.7404760104246535
1.3936879634857178,9.067653923034868,-1.3967304028253267,1.3922490058290145
1.4077839851379395,9.627841162075981,-1.9100463689151752,0.26186961379844864
1.4088590145111084,10.717359868729432,-2.0507815780520033,0.06763678082026847
1.4213321208953857,12.070633670940424,-2.1762511808790705,-0.4973151962243214
1.4222171306610107,13.75094897181998,-2.0339414768113855,-0.46625687803315397
1.4377210140228271,15.51182801397357,-1.962414650430432,-0.9912596829971363
1.440403938293457,17.405301614383518,-1.7275308395218545,-1.1094851240093149
1.4532830715179443,19.479377621349784,-1.08530148679192,0.1911993635488074
1.4542460441589355,21.221164237230994,-0.833711204358103,0.124163068008037
1.4682340621948242,22.56940447371619,-0.9035366537494411,-0.9387755895534908
1.4691650867462158,23.65365631883583,-0.8696947638174635,-1.3401694711159002
1.4834020137786865,24.40444647367508,-0.7139734022230044,-0.9264932426036132
1.4852731227874756,24.76640728742882,-0.4486262621484727,0.31802979149183774
1.4993269443511963,24.452241567244187,-0.6058727620612885,0.4773848218497847
1.500236988067627,23.663549924770564,-0.8879427082039371,0.6205256108314743
1.513916015625,22.342039012969906,-1.5857707418986493,-0.38272249227963395
1.5148179531097412,20.95911107771451,-2.0695320064875276,-0.3594979872541024
1.5282220840454102,19.57758070109105,-2.5349364644911248,-0.20541953502119692
1.5314741134643555,18.366998527069825,-2.9855154948304587,-0.16397779906241605
1.5455780029296875,17.512872188952713,-3.355554803233005,-0.2583633461187069
1.5654981136322021,17.248314045446307,-3.4011213780683676,0.13275558762442974
1.5666229724884033,17.533957773994416,-3.2637923527352513,0.2540517481461102
1.5791311264038086,18.35165361923123,-2.8856127564369842,0.149860352545786
1.5872700214385986,19.572186803032878,-2.2486697249065415,-0.16674718482843498
1.5924711227416992,20.966125747112244,-1.3649404745509912,-0.6386375247330711
1.5965120792388916,22.23617705297113,-0.24737223707284528,-1.0328446157858167
1.6205470561981201,22.904875506502435,0.8250822094846839,-1.9003069257093237
1.623661994934082,22.573900473950914,1.7303718661613061,-3.050163212956652
1.6460840702056885,21.360140443385774,3.2522244395391766,-0.8621846780774696
1.65578293800354,18.20290322549687,3.7991104203681516,-0.32917184686897794
1.6563000679016113,13.132341304426177,3.6325274414574906,0.2774594386951421
1.6629230976104736,6.141875482246064,2.685967066602224,1.3457245321288334
1.6652319431304932,-2.590958028757882,0.9638125681243892,3.275953687579608
1.6711981296539307,-14.225971143346385,-4.327149209473916,-4.070148832194023
1.6871099472045898,-25.744659815267653,-8.293461127345978,-3.1693947076359565
1.687852144241333,-35.83303197617988,-9.423460185729454,10.771857467632241
1.7000200748443604,-47.24775212751342,-13.979409003638388,13.837254783245342
1.716520071029663,-60.017765527872996,-23.030245789323693,0.8066425757392708
1.7199549674987793,-69.03528883559665,-27.79449414494973,2.2817353045450615
1.730884075164795,-76.37658473827696,-32.88026520921692,0.04922496481767813
1.73244309425354,-80.48653644307677,-35.748125753282174,2.1661221133353292
1.7481939792633057,-81.89426082627699,-37.50084551621857,3.7237483052414246
1.751500129699707,-80.8007850300387,-38.32167832593175,3.5806218117016924
1.7617239952087402,-77.25884072275755,-37.854230453459444,3.013178405520317
1.7640759944915771,-71.49079720084035,-35.871321435447946,3.2575797847465493
1.7791171073913574,-61.7906637279753,-28.386739364170758,19.6300738658029
1.7835569381713867,-56.19240723657833,-29.83227690168443,0.5108824437663373
1.793653964996338,-47.68558528191329,-26.216836679056193,-1.8763788781238844
1.7940311431884766,-36.66424757425034,-17.686478182754307,13.126739925337894
1.8093559741973877,-30.856644357499533,-18.42901966686469,-5.153543438892851
1.8108489513397217,-21.03356626747302,-10.698595473922445,8.927914471862781
1.8278110027313232,-14.30326287217025,-7.834460027853545,7.345222980607509
1.8320319652557373,-10.702054798886365,-9.910665070638991,-9.812465833647764
1.84114408493042,-3.351314423896099,-3.986115436530568,4.751625847731911
1.8420751094818115,0.9789090060750709,-2.9817202277055515,3.7303248903026605
1.8605799674987793,4.621553097240906,-2.5599052581056654,2.595113150211165
1.8613049983978271,5.625912004224801,-6.4309816997926745,-12.668184657005277
1.8739819526672363,10.391584137256643,-2.4180386323805863,1.8391403205616002
1.8763811588287354,12.445347146621089,-2.6397045477027277,1.3839504900797437
1.879676103591919,13.99452840314433,-2.7322054587304763,1.4339612640175894
1.8907091617584229,14.862789158185535,-2.835654551389517,1.124638452254476
1.8913600444793701,15.086289605828654,-2.724987357280824,1.0440916465532972
1.9037771224975586,14.64446264909435,-2.360299468079134,1.2293429226811725
1.9048810005187988,13.468723168172346,-1.8963160212005121,1.122609604138897
1.9184041023254395,11.554035492999105,-1.476044954414661,0.3045221873769173
1.9221689701080322,9.346489078728268,-0.4788659050355619,1.210511848573485
1.9318101406097412,6.628850523916469,0.40791126873316585,1.5414760873070457
1.9369421005249023,3.5882814368541744,1.2610441228513096,1.791550452547699
1.9474339485168457,-1.046365009231181,-0.5529628274248566,-7.457774706010189
1.9503071308135986,-3.0776840442219964,2.7765586723858675,2.432804713441448
1.967519998550415,-7.994374689291874,0.8338660289675843,-6.461778010220809
1.9682681560516357,-10.379453420542802,3.951093238323125,3.5625039530823264
1.9796550273895264,-14.463594296731912,4.262515392777118,3.746820215385198
1.9807500839233398,-18.821875276029118,4.620775147624606,4.384441657077047
2.010925054550171,-24.999365478594825,2.205724735704351,-4.964036573141194
2.013108968734741,-28.618028832766583,5.304709244138472,5.776340219400196
2.0146379470825195,-35.378132647091036,2.981651635959089,-3.444561189588538
2.038655996322632,-39.624125770855926,5.640777710295147,5.220130436364445
2.0422170162200928,-44.883772595093205,6.1561384458837765,5.712485128603929
2.0428309440612793,-51.23127370248835,3.832019863277864,-4.496400366351939
2.0486221313476562,-55.043556308284224,4.919428381527027,-2.5170742012682696
2.0508079528808594,-57.89722296994279,5.836661105798768,-1.266541578563843
2.0572900772094727,-58.63416516327044,8.252084853296111,5.548850016122585
2.058040142059326,-60.16899882607612,6.248538799241075,-3.419300987670195
2.113058090209961,-58.22873810412,7.677152984970952,0.7214931942367067
2.1160149574279785,-55.383574879429034,7.615213563733228,0.23315134752599254
2.117263078689575,-50.78106532006933,7.805269992153157,1.6410226678786224
2.1200079917907715,-45.14909678473805,7.1755690491503685,1.121449459370637
2.121161937713623,-38.49981804236273,6.16819518496488,0.27674817239817107
2.1364829540252686,-31.497877354150944,4.121744810726376,-3.418237877616698
2.1398980617523193,-23.209028679776225,3.4989610918630873,-1.1816773786449637
2.1502201557159424,-14.781196395194854,2.8765417488248133,1.520357856158639
2.154629945755005,-7.101112873237696,1.3340284241966458,1.0180964636774015
2.167586088180542,-1.0386255008066883,-2.060011276529913,-6.4016637376811625
2.1712400913238525,6.160617960371155,-1.4707888904068795,0.26476886808864397
2.1937530040740967,11.450277869240722,-2.1878961495626115,1.4902337660239617
2.1996490955352783,15.266877023395693,-3.0891277440684632,1.2160753613255324
2.2118170261383057,17.88102935888935,-3.571905434342888,1.5694679835671501
2.212283134460449,19.190022703854254,-3.949882835061402,1.4132195899727364
2.2275891304016113,19.47464297035708,-4.001575062504372,1.629737959204671
2.229328155517578,18.49167969192041,-4.647994374115321,-1.016894980718363
2.242854118347168,17.493900865610897,-4.0710020983049375,0.2619421391459753
2.243618965148926,15.920555181476573,-3.911621277862018,-0.35481449273660526
2.2581570148468018,14.603260261502555,-3.134141877864998,1.072245530006206
2.2641420364379883,13.287582632318333,-2.661544452012123,1.3172358126512649
2.2663559913635254,10.74631835172363,-5.123084079296774,-9.098733940594979
2.273076057434082,11.640109439328,-1.8521835836217946,1.5272592242342633
2.273966073989868,11.378697915848363,-1.556845871716284,1.4745217627841207
2.279560089111328,11.41896507955488,-1.3902293390029001,1.1529276145385332
2.2890241146087646,11.794529791546609,-1.1376641803789695,1.3470934869964524
2.291330099105835,12.310292677455607,-1.0021525232998911,1.3040679125428263
2.2927310466766357,12.91494382449315,-0.9382939894384563,1.1721200631499535
2.295746088027954,13.587001313661574,-0.8919963541954061,1.1341323747790029
2.307979106903076,14.311031348742631,-0.8513065781987876,1.228296979587902
2.3120980262756348,15.036934890695989,-0.912943964397158,1.1085707052688243
2.3210761547088623,14.10729498800174,-4.238416192222097,-10.741392036720324
2.321658134460449,16.619270774348365,-1.200033941253018,0.8314461476141333
2.335400104522705,17.644671831782716,-1.1283744414652759,1.8093759412267503
2.3379130363464355,18.520160069868723,-1.4630781306809268,1.549121958713669
2.3398499488830566,19.426231959018082,-1.8023091902993968,1.511775622743847
2.3523809909820557,20.17181190391301,-2.425765268255944,0.643939272424354
2.353074073791504,20.953202023876372,-2.870116371800073,0.5715629275961078
2.371809959411621,21.532837506931628,-3.496093537937142,-0.11629872216675063
2.3737361431121826,22.097128294413892,-3.8745171062615,0.027827560118360184
2.389626979827881,22.269870457617856,-4.660759823085229,-1.5180902640319907
2.402287006378174,22.918295247984815,-4.179180934278513,1.2304206346631397
2.426352024078369,22.967173906224502,-4.4553353131393365,0.7706505600693838
2.431847095489502,22.924776728870825,-4.53967853687292,0.48565091327942445
2.432422161102295,22.859338437669464,-4.335380033764999,0.6894752691937065
2.4333369731903076,22.639307594168145,-4.138815671238291,0.3105559067094348
2.448457956314087,22.452566966217148,-3.6504315028241408,0.5020756786218492
2.4495649337768555,22.013037801294956,-3.4694664775935067,-0.8159794870371833
2.4594039916992188,21.860309193958244,-2.625850877436683,0.03815047278013073
2.462536096572876,21.55409869360068,-1.9908710960782585,0.049120398726894665
2.477086067199707,21.201816837236038,-1.3787486032038458,0.061218947281211245
2.4830429553985596,20.770990202204416,-0.843099754533867,0.028403869699135997
2.494291067123413,20.264317950177542,-0.34187008428997245,0.21790839330756318
2.4969301223754883,19.625989933069775,0.08722391439388133,0.5545016119464414
2.5085771083831787,18.751274575139917,0.3445879327580528,0.6756179373265099
2.509676933288574,17.614626470445046,0.5079932313433275,0.8013160689834244
2.5248470306396484,16.151178075477333,0.6005419564005123,0.8930422729501253
2.5258750915527344,14.340124686417028,0.7347124280152784,1.193048480132503
2.538278102874756,10.63087763920555,-1.8885747499733938,-8.703082688315924
2.5390870571136475,9.339133841463365,0.9925066393867397,1.160279184823952
2.557659149169922,6.201613212137261,1.319239622570798,1.2262897815298637
2.5599260330200195,2.753955605521469,1.8972796504616056,1.639990592069853
2.570997953414917,-0.8928876300543607,2.6961322550219577,2.283660222504998
2.5739071369171143,-4.633415336409655,3.5289880614743225,2.5658237124743684
2.583477020263672,-9.376213147909198,2.1614726665122106,-5.482016720015715
2.5869140625,-11.273516593556735,5.281105094781324,2.7986650215626296
2.602299928665161,-14.239694866769185,4.866173000179828,-1.5586631930265973
2.603261947631836,-15.531661694140269,5.564709221219161,-1.2939944283168188
2.617058038711548,-15.71515496728074,5.907078885124484,-1.5122501632573495
2.628970146179199,-14.747975405439433,5.785603165059456,-2.432589340366108
2.6298160552978516,-12.403147111789167,5.690146966509502,-2.2037747666929315
2.6379380226135254,-9.356282625987319,4.650404563579393,-4.420499247663625
2.6481781005859375,-4.298343005130391,5.665623759299095,1.6977842798775094
2.661123037338257,0.32510787520783424,4.772447177222013,1.447555941650687
2.6640000343322754,5.112213053592029,3.8294914976033994,1.3247445990576658
2.6800341606140137,9.486149451019003,2.442376488297107,-0.3954876317894154
2.684291124343872,13.729289353265017,1.7383176762756136,0.15066464503521648
2.685025930404663,17.07159717250454,0.6944558118120199,-0.9532403911618743
2.6971099376678467,19.92371914776396,0.3421497439308112,-0.0506102854298589
2.7096481323242188,21.82332438065839,-0.11446064702811753,-0.07409220363987212
2.7117860317230225,22.897667686010436,-0.49840197075675263,-0.34244437231723945
2.729522943496704,23.303137546387575,-0.6730766065706391,-0.2788113753815338
2.7303221225738525,23.077300639127884,-0.7679698056214264,-0.2594110856624787
2.7430169582366943,22.16926617251096,-1.0702083863720162,-1.2418143946387417
2.7437219619750977,21.067728025350902,-0.796666515771463,-0.30347614208660967
2.759835958480835,19.239349666540363,-1.0293847905640803,-1.3622467508377525
2.819175958633423,17.514347885433438,-0.19902619070089145,1.3011515419787785
2.826961040496826,14.571169383153233,-0.7590700863998237,-1.3008119023954634
2.827989101409912,11.596545814876663,-0.3981428815791972,-0.7863682719414704
2.8314239978790283,8.2475772281947,0.27291547100523417,0.566453808363707
2.8358540534973145,4.27379422527639,0.7488578545448519,0.8850805519460885
2.846122980117798,-0.11262590004361073,1.2957482393810693,1.1469377974362793
2.85514497756958,-4.7558255232831925,1.947630191002105,1.5293551363701348
2.869507074356079,-10.371522107068245,0.9603299280890454,-4.227957833549156
2.869807004928589,-14.934597510984759,1.6660544714726626,-3.817256786741315
2.881080150604248,-18.829881146294213,2.7547399593882957,-1.8329804056399766
2.882822036743164,-21.47648449693463,4.710317357013139,3.693598477344053
2.890036106109619,-24.470694574680522,3.9162350384154365,-0.2344964992979761
2.8992559909820557,-25.57589272448007,4.095153520613081,0.13327961441929692
2.919034957885742,-24.659867203147087,5.133100715185286,4.494314882348557
2.9198830127716064,-23.95001558968511,2.65726810021161,-3.069585091270942
2.9238979816436768,-20.921167792738515,1.5498152588114493,-4.802454545325259
2.9344911575317383,-15.402708455746904,2.5217494344385685,1.7322639103153243
2.939142942428589,-11.227133504395624,-1.0092185296320864,-7.736829427232718
2.949273109436035,-3.902949679233984,0.38175152813379043,0.8379280152063224
2.9539549350738525,2.484740080785457,0.06053859584654475,2.8537029364455035
2.9616169929504395,7.920627017572144,-0.823354829899209,2.08294494333765
2.973781108856201,12.35056858521574,-1.2287226943241762,1.920707459500931
2.975839138031006,15.160258862869796,-1.3233812804848597,1.4126920179065856
2.989408016204834,16.102392771232076,-0.8285817985529249,1.3380565316414128
3.002095937728882,14.888995160618435,0.13430037067050904,1.1561033723818561
3.0058419704437256,9.852759592877192,-1.5346947274737701,-10.376359181004432
3.0093419551849365,6.101493045062341,3.51166526246012,1.0869911379032324
3.0187721252441406,-1.0533696966596722,5.715938308450852,1.085423001748054
3.023833990097046,-9.44002782492089,8.19927988120569,1.5573809311078464
3.033957004547119,-18.706042739372037,10.406450058304934,1.1223554143111294
3.0426089763641357,-28.847397363704374,10.989670068308918,-4.459057458216784
3.046074151992798,-37.717578180320345,12.637965636617153,-4.736310862824721
3.056410074234009,-45.05098490723259,14.577516421900754,-2.003370850603777
3.0625460147857666,-51.14456164057583,15.175438491951088,-1.860022997157455
3.072701930999756,-55.52706469499418,14.546108640120796,-3.743776319306943
3.085731029510498,-57.418816377331325,13.739097327514344,-3.906858329173038
3.0865399837493896,-55.448672153818904,15.301619166711351,6.6511636932876455
3.0944550037384033,-52.82824800246101,13.47956257783753,6.472907745666585
3.1035051345825195,-49.92936616851995,8.239584186918009,-5.136003395562608
3.1191420555114746,-43.91486633677687,5.915316279380967,-5.679898320146731
3.126584053039551,-36.936951667306175,3.612431428151453,-6.303974693424526
3.132970094680786,-29.208132414896568,2.230389493022514,-4.2255018691242165
3.1458661556243896,-21.043543633712716,2.481130607676725,2.782579354414259
3.1467411518096924,-14.82460114027856,1.045297593473414,2.3905768536025134
3.147484064102173,-9.958395267419917,-0.009172312663267235,2.079227211297659
3.1778199672698975,-6.625638131556627,-0.42636510487162127,2.8567281188680935
3.178571939468384,-5.232553832196459,-0.7916074103005073,2.7696051544095317
3.2037100791931152,-6.956584417085992,-3.5818479171127535,-6.970570402697434
3.2231199741363525,-7.3763570809789485,-1.0689597973389695,2.1040025499145107
3.2238070964813232,-9.69437540142485,-0.2628397505846394,4.669988351778595
3.225878953933716,-12.702244877815929,0.002755550977241228,5.1839928729067735
3.2326810359954834,-15.562170747280732,0.17423780640446296,5.404937061934564
3.242115020751953,-19.480380989782873,-3.0298923621371543,-6.5875713384756525
3.2491559982299805,-20.35848859129544,-2.567841346819627,-5.12020503244812
3.2624709606170654,-20.043382530150097,-2.277602119158729,-4.269599220510313
3.2653660774230957,-18.9665165840089,-2.9110986209015692,-6.8834287481062875
3.275377035140991,-14.774967106226597,0.41782588881049776,4.757305769120005
3.282819986343384,-11.642451050718023,0.5034724437214777,4.2750891597246605
3.290377140045166,-8.294647298966936,0.5726516703714708,3.3980908041899047
3.296194076538086,-5.017024350921417,0.8605202476920084,2.994843182708766
3.3076910972595215,-2.1699899209606883,1.2837613710621625,2.831774014037374
3.317939043045044,-0.001167919156955577,1.7037101336691336,2.5277517344531253
3.327144145965576,1.479780615544314,2.131399162981971,2.287742622371975
3.3279170989990234,0.9669218532235391,-0.14735639849700277,-7.607741057517338
3.339466094970703,2.5260382859923993,2.131142933367407,-0.47949098835138027
3.3449740409851074,2.9002940439515896,2.2859890459076624,-0.5566538920279178
3.352241039276123,3.7439423285772477,2.9668690142169396,1.9234260290932277
3.356887102127075,2.775246782842089,-0.49656064018869017,-10.049389746583905
3.371019124984741,5.259879861992772,1.7083289584235501,-0.7137832958437123
3.376950979232788,7.116653279694731,1.9135431027262086,1.8463630469776604
3.3848631381988525,8.818600291219525,1.2624937669845337,1.6428783486675897
3.397213935852051,10.586794947901865,0.5515721436618932,1.3880406812248112
3.399862051010132,12.25954428725538,-0.09734301542741264,1.323154069719272
3.4017691612243652,13.665959352420884,-0.6123650844714348,1.5208619562659103
3.414860963821411,14.212693623013024,-1.823767889866474,-1.2032599310745808
3.421694040298462,14.802821001585926,-1.8767965629112595,-0.18741588590392477
3.4339561462402344,14.586151247527084,-2.3990360915687887,-1.4176272397097598
3.4361071586608887,14.404611694454843,-1.9625565975347996,0.3258619195098327
3.4498000144958496,13.73324656728471,-1.8334040536864435,0.4833780427404044
3.454069137573242,12.933099041765843,-1.6465603824326038,0.48169914052574403
3.462280035018921,12.129614659662082,-1.4610767740770143,0.21747223261473825
3.466196060180664,11.525824995555809,-1.1024896322052342,0.43707007564719835
3.4780640602111816,11.035445436755197,-0.8080708599161639,0.3652049378637081
3.4829280376434326,9.268061077525317,-3.1244346415378956,-9.230490080427973
3.4958691596984863,10.253161780305959,-0.18724382351815905,0.3667907254770022
3.498271942138672,9.658914880845316,0.14592745826634967,0.47971366331032006
3.5177299976348877,8.49169347786517,0.1593385500124853,-0.5867941371146699
3.5292370319366455,7.220666932161805,1.0699592158412017,1.5730594950892816
3.530701160430908,5.024649560044622,1.5182420335263558,1.9758557005974453
3.5336451530456543,2.1314876214217406,1.9346222851892563,2.193549908341967
3.5436899662017822,-1.2763602729301056,2.440981619818494,2.7036684876689945
3.5677671432495117,-5.020170785973676,2.945337521758141,3.233755308824292
3.5950241088867188,-10.129034778076232,0.9180900952643825,-5.36056905910553
3.601652145385742,-12.475320950183459,3.5248327379989703,3.15791118550231
3.6041650772094727,-16.672010361743446,1.4110168759720096,-5.255685670638848
3.6051340103149414,-18.79516295664621,1.495269086491831,-5.29420506125198
3.6202430725097656,-18.667127925190584,3.7747357576187426,3.0648807734778343
3.6219749450683594,-18.32413194424356,4.250790127278172,5.230123671455796
3.6265580654144287,-18.785355486582603,1.036116987339291,-5.720137242905392
3.6280529499053955,-15.115382397798157,3.6666990344559665,4.943655917905917
3.6326889991760254,-12.191710143367061,3.203236356444691,4.524336866836356
3.6478230953216553,-8.941945112460928,2.023728190861924,1.6070128887389175
3.6528289318084717,-4.853141774986511,1.4625624781860438,0.96770068601571
3.6637229919433594,-2.017304224579732,-2.0840119370078583,-10.629924094344656
3.6681339740753174,4.572853265561378,1.2067138916752853,2.5738512924329298
3.683601140975952,9.192660124813301,0.8311102577332505,2.188606921318871
3.6842730045318604,13.595712593086205,0.44246595971112157,1.489992244195036
3.694504976272583,17.672956055079567,0.17577176389251292,0.93301590777251
3.70576810836792,20.852192463652216,-0.6991768293106588,-2.1654283392741975
3.7137880325317383,23.663659212020605,-0.8179601149190532,-2.8250626814998165
3.7166781425476074,26.008344560234207,-0.013526241070707101,-0.41162518012485516
3.7260570526123047,26.911518621965968,0.19321005312612982,-0.42686053763521836
3.7295479774475098,26.56511564999596,0.4268470657058998,-0.5240942031428737
3.7452831268310547,24.85277464937235,0.6267838060256565,-0.8409100131048894
3.7497341632843018,21.87542126654057,1.0040935968090068,-0.5148885961780116
3.7613790035247803,17.661611304027417,1.4623614868293302,0.1945690986616342
3.7681829929351807,12.358987643436592,1.9437549352482435,1.1591808863541495
3.774106979370117,6.217875966260067,2.401741259177875,2.27255250878462
3.7924270629882812,-0.840025492825589,2.0113580427239057,0.5604304557144737
3.795912981033325,-7.227528818027395,2.99301708703463,4.1264698040600605
3.8062450885772705,-15.176140593375806,0.29532952147722114,-5.491863534054336
3.8104140758514404,-20.914404690538788,0.26145271490419475,-5.214114176494925
3.822427988052368,-23.891193226184782,3.238433875216522,6.141887098056272
3.8332760334014893,-27.356667762632014,2.5367389903148805,4.0774827820337824
3.8374550342559814,-30.109572346593495,0.09723947233088381,-4.409808684859397
3.8386471271514893,-28.624298858836937,2.49068610619085,4.5906491186219
3.856390953063965,-28.092396525330855,0.02432278432686985,-4.320300353258401
3.8689041137695312,-23.32880155962721,2.882658534858045,6.010570222017502
3.8695361614227295,-19.009714156739733,2.7924068308881687,5.415221437385454
3.8825600147247314,-15.609144782360318,-0.39262001752086917,-6.6096480036334
3.8838510513305664,-10.417357122466,-0.6767306117283454,-8.156905013679797
3.8995471000671387,-3.5645743589722656,2.599003212260847,3.2022662883390707
3.910017967224121,0.8324745308299839,2.4973715308987465,2.171694517715884
3.914091110229492,4.276693489286117,2.5770985707192082,1.7423539236309111
3.9154350757598877,6.432463401557584,2.688581706491462,1.3735754448886894
3.9543910026550293,7.222115713840651,2.8810459528593313,1.2561710382302984
3.9552390575408936,6.69581138462496,3.129618720625963,1.3230664915967083
3.9819910526275635,5.0365697226860675,3.3592977906805572,1.339957215361163
3.9826650619506836,1.026855874555224,0.5959977725450472,-9.490044842615532
3.9887781143188477,-0.13500350047877419,3.849436374569663,1.7701750514199965
3.9904699325561523,-2.7629174306561026,4.063414493232926,2.14676185099482
3.992233991622925,-4.862335891707289,4.175334367700231,2.420523440073061
3.994776964187622,-6.043139512048981,4.235822601500153,2.8268976320667063
4.015303134918213,-7.56403374804313,1.4030003043586063,-6.97221191635465
4.016242027282715,-6.478388187647511,1.0719378905883516,-7.287510994317992
4.024852991104126,-2.6723079342963274,3.5594231417993356,3.013396389263181
4.028027057647705,0.5785548685354911,3.0198447736523804,2.5506965349721495
4.041392087936401,4.527621246751153,2.373738793606222,1.9033085014345013
4.043975114822388,8.902217306874775,1.7622138665300184,1.4903218885703347
4.054486036300659,13.272048389631777,1.0509535458930728,0.7149745525919606
4.055896997451782,17.420584304595536,0.4569220739262647,0.26006150713117226
4.071967124938965,21.013018722855804,-0.1357072343431014,-0.39927334551908866
4.072870969772339,23.980900921214015,-0.47703878239090614,-0.4393176861742638
4.087214946746826,26.091027507958245,-0.7721095293715337,-0.6759012210712896
4.090188980102539,27.327109447402847,-0.9429210254606559,-0.8676142656392656
4.1035730838775635,27.73941683510708,-0.8857017530861953,-0.6520233312703254
4.112030982971191,27.29590786140909,-0.7222350073047252,-0.4619421534458439
4.117654085159302,25.67870472330401,-1.159407196275481,-2.838076812184199
4.119333982467651,24.067950235160595,-0.09659012317867166,-0.05308743056408782
4.134725093841553,21.216149650225702,-0.05413759979805377,-1.218430470088024
4.150691032409668,18.248863749985844,0.907586467034946,0.8431003211439603
4.165078163146973,14.478559156730455,1.2499994194572892,0.6280500622831007
4.167840003967285,10.497195944637156,1.7983188783331272,1.2596415081863939
4.178924083709717,6.252163604627299,2.0936147357488366,1.169601842039149
4.181002140045166,2.189361361355452,2.563387522629718,2.0090411981704035
4.195135116577148,-3.292839763145764,-0.2780062160772019,-8.87081398912106
4.197160005569458,-4.972017406509451,2.998453413972136,2.9727391604255997
4.213006019592285,-7.570678493591856,3.0316608779864183,3.3943576088982317
4.22983193397522,-9.59911632480555,2.3020365288588565,1.422392494430084
4.23088002204895,-11.453657123491439,-0.15803874430389442,-6.522167923960624
4.232299089431763,-9.878021525445206,1.7545872629997348,1.7590198823294927
4.245538949966431,-8.497653315245259,1.291547468950732,1.5618117075354079
4.248013019561768,-6.096797618300059,1.0498831036416547,2.274195207450009
4.256448030471802,-3.3281695831700517,0.254784809150145,0.9837170868018561
4.259459972381592,-1.235313068837172,-2.4775613887504235,-7.436741111994938
4.275105953216553,3.175100360643853,-0.8108477067815656,0.06384173250772496
4.277719020843506,6.154463598438724,-1.162872152033266,0.015317919836920213
4.2872419357299805,8.80960040007983,-0.8280887495959206,2.248506689453442
4.2902679443359375,10.200530337564373,-1.1222240841136113,1.9370140824069566
4.330544948577881,9.972640049152915,-2.465243535939848,-2.462223411324058
4.360780954360962,10.004476970944268,-1.3042969569232028,2.0180386523176024
4.361747980117798,8.5758961037385,-1.163593726613982,2.5387601422954615
4.37115216255188,6.09727145515501,-1.7696045604731196,0.13014718574126438
4.374547958374023,3.752036317788452,-1.5548186137812081,0.5531335301583582
4.382116079330444,1.527482710377683,-1.2890371406228596,1.0451699697706645
4.384804010391235,-0.2596346850507416,-1.0767265482436272,1.2687975936218898
4.39965295791626,-1.1757633854601863,-0.6446033350898333,2.254968063726948
4.400563955307007,-2.9325311903938314,-3.5277766957280505,-8.877066689763854
4.412399053573608,-0.39857154792554184,0.004717814768810058,3.3728945352893964
4.413553953170776,-0.37104952670728153,-2.579389734762856,-6.745245780752001
4.430094003677368,2.863300376677614,0.14184746246598223,2.399165748091373
4.437011957168579,4.7445575423749915,0.31259257318190237,2.092372576991216
4.443694114685059,6.200784041038162,0.5023994167340433,1.6628799391698401
4.445820093154907,6.925344472547295,0.832945362725944,1.5274625102151795
4.494054079055786,6.683855901020422,1.320784609202036,1.7525406166402668
4.495710134506226,5.2988260053583645,1.755746639714019,1.6200463177098883
4.500509977340698,3.026208366583944,2.3772731610889934,2.097819338397211
4.5073161125183105,0.04771384902687714,2.939705313833869,2.4236692267932787
4.508152961730957,-4.607166880657076,0.7566453828866315,-7.043812396397912
4.526029109954834,-6.233938369281304,3.7551208233836846,2.7829670790239573
4.527568101882935,-8.498841012312027,4.036778935213434,3.2331113364826214
4.538406133651733,-11.439149537680805,0.7433422559902212,-8.720319900154973
4.540065050125122,-9.55687392033991,3.7863052866094833,3.129290244710737
4.557011127471924,-9.778807613554306,-0.07997600547646755,-9.571851736212842
4.559491157531738,-5.0179999637093715,2.8092025507005545,2.9367881402292566
4.570513963699341,-1.0375470133467957,2.1300419712462855,2.834198376580434
4.570940971374512,3.4820536054338618,1.2153551673315022,2.087722335903755
4.581289052963257,8.179018727338075,0.3439154323235911,1.507615802464865
4.58610200881958,12.616198298566758,-0.3466065331784165,1.3996164908774376
4.602596998214722,16.286089204693667,-0.9649786446485109,1.201541667485084
4.6123950481414795,18.53560905292312,-2.0961647101579644,-1.3405234105183694
4.615746021270752,19.858653323416604,-2.4061977617859256,-1.4267867028009824
4.628832101821899,19.994427375423243,-2.2575787668383924,-0.3956407349670179
4.632205009460449,18.732196852618586,-2.168954219003112,-0.1107914083217707
4.641718149185181,16.27833337611787,-2.0792116915676786,-0.2872465674938567
4.685549020767212,13.313877103044092,-1.1826493321118434,2.0977428210021705
4.686673164367676,9.484321132793752,-0.7266962717778611,2.5855956857263207
4.6892499923706055,3.56322725030293,-3.6436501616606023,-9.429052240295224
4.698029041290283,0.8635130485990317,-0.4707357779281409,0.6669319725912672
4.712470054626465,-2.5741936989309693,0.7530920023552454,3.621613143023228
4.713189125061035,-5.857287611865729,1.2497724607779404,3.9613715952519
4.757426023483276,-9.998499393654868,-1.2775260435523421,-6.636706185388076
4.758332014083862,-10.230218075350479,1.911720788480629,3.764244527720968
4.774518013000488,-10.939346836727907,2.325346303359545,4.216532887410778
4.7758190631866455,-10.719237495147809,2.5409177028869507,4.151368047012361
4.77960205078125,-11.031229392848559,-0.18709616198789547,-6.430601481493707
4.786761045455933,-8.964391649524885,-0.21692070019832954,-6.935145291919235
4.798459053039551,-4.564485302527203,2.605402510122879,3.202846678812004
4.800282955169678,-1.0623434455107486,2.5062840470219783,2.9166950461339267
4.801667928695679,2.786172901342809,2.2707839433304784,2.363100306687552
4.802941083908081,6.792019249330565,2.0356556327172655,2.0335168423860095
4.8042449951171875,10.59286151814672,1.6474689861777705,1.3569238188478032
4.805401086807251,12.420673245785451,-1.7015320183545484,-9.92847097531899
4.805809020996094,16.74126438321042,0.9538136110155477,0.8596754337263228
4.806463003158569,18.507291685861333,0.5004003657234151,0.43054801106439844
4.8086841106414795,19.239821102642566,0.1480721243069283,0.4383825051628272
4.809217929840088,18.801553367330484,-0.18658831644312102,0.5061930147126781
4.809647083282471,17.26313303031384,-0.38021856169865487,0.9995422318778318
4.810565948486328,14.666060722892553,-0.5677222136680982,1.3370051093626067
4.8108179569244385,11.295479595644679,-0.6184395611107831,1.9115364283300764
4.811448097229004,7.386808284646008,-0.6573657558644896,2.200523172084771
4.812588930130005,2.8102551077229236,-1.6032296674535758,-1.1860707295801205
4.81307315826416,-0.9597062908459293,-1.3627708434453467,-0.6116903276377783
4.813946008682251,-4.1818591197611,-1.06510286276729,-0.155896076554346
4.8142290115356445,-6.623098802182312,-0.7722692902179347,0.033231014547680404
4.81482195854187,-9.174618354549978,-2.4825777213934543,-7.227969102002409
4.815191030502319,-7.981711701058259,1.0076584947013671,4.465327424092325
4.818037033081055,-9.28764876691605,-2.007889642706658,-7.478897126569941
4.818475008010864,-6.424292665224527,1.3703500955685328,4.104048624704613
4.8191680908203125,-4.71843758734849,1.4298077621698582,3.8448637974399587
4.819934129714966,-2.708343508482983,1.3302193438657213,3.2996704964530137
4.820896148681641,-0.4550506090250792,1.302968538907848,3.2994607755575798
4.824195146560669,1.7533844239751488,1.0605937918761725,2.746513937332174
4.825752019882202,3.9755027799781146,0.869025200404856,2.536620558695584
4.8285300731658936,4.7584825187072965,-1.954956793441042,-7.207048669222126
4.834094047546387,8.263421029391225,0.4798183172892081,2.2212215073575576
4.835142135620117,9.722870744008446,-0.8509199584579861,-2.1761640801442264
4.835906028747559,11.723674845779271,-1.026952830543145,-2.4971434514623008
4.836558103561401,14.233743623872215,-0.04547853673960134,1.2454889262910058
4.843532085418701,16.07857530044987,-0.026164384987822586,1.3207968570116926
4.844776153564453,17.635558370875003,-0.1273211181231062,0.8232851372582595
4.846418142318726,18.998478898163114,-0.0474884498558481,0.8895289542286833
4.846917152404785,20.000735600972746,-0.009694969486467642,0.7473695778815419
4.8495190143585205,20.63105039538624,0.0038963997257042138,0.5014527435046212
4.851675033569336,20.974198352459155,0.130495943061554,0.6857506390500625
4.865708112716675,20.966213261905125,0.1688170019814592,0.5920183631210769
4.866352081298828,20.720941006374005,0.2165645434635124,0.5976060032016968
4.873230934143066,19.88983332561321,-0.512942716365643,-2.148473349607781
4.881550073623657,19.360202611695627,-0.4445213725860526,-1.8775097745237452
4.888059139251709,18.853716233951786,-0.16126164285685718,-0.6905656461995633
4.895653009414673,17.89210635833166,-0.5619499390766691,-1.8359465448644599
4.9012839794158936,17.11625642204183,-0.3658558750784806,-0.6088257401562245
4.90408992767334,16.011054119270682,-0.43925012513079764,-0.14339949181946277
4.920262098312378,14.39184975144417,-1.0152819700250646,-1.278067950497168
4.922343969345093,12.843638650125797,-0.9047988499921686,0.315052236076901
4.93036413192749,10.798566121777185,-1.1777839850929865,0.6910588628335355
4.938328981399536,8.474497226293238,-1.5254162828903972,0.9020038888559718
4.946599006652832,6.074250067319042,-1.7895718610085254,1.4180935340363334
4.952139139175415,3.7595230129522292,-2.001446879166032,1.9943065905228636
4.9926159381866455,1.7844344930303464,-2.0923047196397704,2.7388533901667484
4.9955079555511475,0.2696083297869336,-2.2628733045661775,2.782661930942484
4.996838092803955,-2.0855956019980795,-5.35015827431436,-8.33711998345765
4.998897075653076,-0.25251465196663503,-2.0834990349809814,3.134452647186797
5.0017640590667725,-0.8528448645403159,-5.065271105385854,-8.797481164092279
5.00265908241272,2.7590789074673125,-1.5671900613924095,2.353222523142686
5.003206014633179,5.370085575334031,-1.0992507623796897,1.9929744783166143
5.004584074020386,8.285384253698965,-0.6546755309928045,1.2432134856148978
5.01331901550293,11.20430577174858,-0.15373540035633937,0.5757985512574948
5.024441957473755,13.746947046241814,0.3646361313460318,0.03938395098709013
5.032093048095703,15.572911622738161,0.8796784829228699,-0.2615985693256071
5.03759503364563,16.336989825333205,1.2226916675693786,-0.790715797005302
5.042259931564331,15.980583816339845,1.5626956489418546,-0.8208589991694317
5.05116605758667,14.263935058595507,1.4790085856819033,-1.8258774833749747
5.060431003570557,12.037536421717391,2.355652684840905,1.25322548105014
5.065001010894775,8.55360681490464,2.3103776291976956,1.5094002514670202
5.066573143005371,4.628250006925157,2.2296222975340143,2.0956326600056405
5.096513032913208,-0.8206077598241563,-0.712227396911743,-7.409862606876453
5.121607065200806,-2.984533099726036,1.78203683891779,3.1348746508046608
5.122386932373047,-5.8213801626657755,1.4808303721182696,3.5606237769496145
5.133665084838867,-7.5362639722110885,1.1995824296875384,4.011696821085056
5.134696960449219,-9.63284847375985,-2.2630857290773534,-7.301350647818631
5.141339063644409,-8.727138800625141,-2.584540644053625,-7.392142392183239
5.1429221630096436,-4.832269619414205,0.4057756197107949,4.3110094222372615
5.153214931488037,-1.865332379046663,-0.2619366086433743,2.360209926232513
5.163084030151367,2.0315332175596836,-0.43522933762842797,1.9176186547427279
5.170660972595215,6.231645933022776,-0.55782616403296,1.4007085066752112
5.177093982696533,10.364171202826697,-0.571237556796973,1.0768647306164347
5.182996034622192,13.991122867275976,-0.6096530468002399,0.5201038240859177
5.1909191608428955,16.821255853632067,-0.6619867327941051,-0.1634549791463129
5.19665002822876,18.723607227332536,-0.5909745084647255,-0.41150016921353294
5.207281112670898,19.382441835922123,-0.8075790464426333,-1.670416926145706
5.21195912361145,19.218729338033313,-0.5262671698125274,-1.0317985861522565
5.2239830493927,17.865586788708924,-0.6336572767814133,-1.6993852695080711
5.228250980377197,15.95650555003806,-0.27298832900810766,-0.5268064818307863
5.239886999130249,13.383664477834259,-0.10260635702746868,0.09444298623667469
5.249052047729492,10.473357605803471,-0.026444323604003728,0.5159345110470845
5.254863023757935,7.541438088619429,0.012016388696423519,0.9353382686302816
5.261132001876831,4.702016470002775,-0.2833539848722353,0.2533444527933526
5.272918939590454,2.5016816124133925,-0.31269329002066115,0.6284905912726828
5.279457092285156,0.9557455728870536,-0.3614142839008565,0.9776026829337348
5.287482976913452,0.44816354528404645,0.13707311918734177,3.3148858645490717
5.290018081665039,-1.5369685675589153,-3.5679716758047064,-9.755052621928602
5.301070928573608,0.5734645301940304,-0.7431816414964487,0.8621078725978422
5.305061101913452,1.6439185086849193,-0.7825210925877855,0.8262054109544323
5.322824954986572,2.949278169658271,-0.8454036876816886,0.4441309262481099
5.33238410949707,4.346484407627372,-0.739475998302872,0.3771027586865927
5.345768928527832,5.733717086227102,-0.22699696469702957,1.475639294993637
5.34899115562439,6.545989799570634,-0.043292546214914296,1.068814392914262
5.354053020477295,6.919384196150247,0.2595246672892273,0.8336400315351711
5.358065128326416,6.708758061421349,0.4284506303959219,-0.08084633634061755
5.372895002365112,6.17445572447815,0.811467898737078,-0.3091313562428126
5.381211042404175,5.752821650232818,1.9495820519167566,2.2333877456024167
5.3844990730285645,3.272444381457035,-0.6479152718440062,-8.72354159050338
5.39630913734436,4.10932932795987,2.777215762118061,2.5295354724754686
5.400320053100586,3.5945017836393163,2.984315331860209,2.364148016446868
5.412042140960693,3.445325873525462,2.890730672758103,1.4828420701415042
5.415611982345581,4.141578044493599,3.176888252403131,2.393110010207855
5.429235935211182,3.6588018471517785,-0.08885802158582123,-9.26013303267056
5.443143129348755,7.096766294153269,2.7838025688973644,1.835356228463229
5.447427988052368,9.424022741649594,2.430505997865964,1.4420584896374848
5.448933124542236,12.229849878366451,2.1231155581511842,1.406526426661965
5.4580769538879395,15.267737058554474,1.7300406533082935,1.1470051935264103
5.489562034606934,18.33996407415043,1.2520411558530427,0.5634234873607931
5.514085054397583,21.34850066321121,0.8903448209212286,0.29438396920606213
5.521929025650024,24.01226691328401,0.4897719931458795,-0.30787857797876295
5.522587060928345,26.251788225207065,0.25200375536173425,-0.5703617689610574
5.526531934738159,27.870094187078337,0.12086533721973325,-0.7392827268578699
5.526921033859253,28.699932620414643,0.05107293149737302,-0.9982446603491943
5.538840055465698,28.68394470409629,0.147178680034024,-0.9611437401259451
5.5454981327056885,27.693188227415646,0.30211299658355273,-0.9917184613261554
5.5518951416015625,25.759640460995172,0.614532164761755,-0.682449360350845
5.559628963470459,22.843849773761065,0.9241050379192828,-0.5527352901291465
5.571593999862671,19.141558276203398,1.3704625425917243,-0.01346501703960068
5.573606967926025,14.802163530163682,1.848934011275297,0.6418047197711403
5.5838940143585205,10.072947127775876,2.289586690819476,1.2480852263284803
5.585365056991577,5.327525735924098,2.7396075993163933,2.0615588742509905
5.60014009475708,0.8899236248968805,3.082908046560952,2.728143757716839
5.603423118591309,-2.854258604335257,3.3239327876386966,3.311184618084556
5.616969108581543,-7.278987863089128,0.2251504754791398,-7.982813334597446
5.618483066558838,-8.747484920482918,0.20789479604047045,-7.737664253346225
5.631086111068726,-7.198262192053505,3.1655250939672896,3.61505078391741
5.631618022918701,-5.922202300408912,2.9244321083496843,3.483399336537416
5.647938013076782,-3.3891869044377927,2.7202596253984552,3.590095472428696
5.648851156234741,-1.7797329951409324,-0.9876962261845037,-9.0699695469021
5.663506984710693,3.519043865746198,1.302374120737774,0.09253887377169012
5.664541006088257,7.864465272736709,1.6615025642585337,2.0885448329967415
5.680899143218994,11.500535346646814,1.400305757987681,1.6662356182271225
5.68297004699707,14.020269737033686,0.483904272109136,-1.3060052396914485
5.696583986282349,16.268477418228997,1.047428593793434,0.985542464966197
5.697011947631836,17.001102026648766,1.0117008137190595,1.0009318980226418
5.711416006088257,16.168525256375233,0.2738706877506729,-1.5751096674237288
5.711841106414795,15.096580513440244,1.0634009969126765,1.4555043465735829
5.724622011184692,12.8308132017047,1.0711624707960041,1.7251802644475405
5.7324299812316895,10.063422475316031,0.9631553996873876,1.7061773149627257
5.750152111053467,7.287169290810425,0.983252979799289,2.3095335577687655
5.751336097717285,3.1130647304495938,-2.130693904104227,-8.369311640321712
5.762412071228027,2.271247482200522,0.08794120701280406,0.5352963588760382
5.770005941390991,0.9945725898536466,0.22434362773250172,1.9256060698993018
5.773707151412964,-1.155444686026101,-2.606890028994002,-7.4866459322401875
5.776499032974243,0.09949382995210954,-0.15212748195811798,2.3476478202738873
5.786291122436523,0.39783235997867905,-0.35939232041985747,2.3645257308401915
5.7868499755859375,0.9111492624484754,-0.6269066854066807,1.9969224331231203
5.79970908164978,1.5177194695299363,-0.8150448467956295,1.704958875933545
5.804811954498291,1.9885091417216927,-1.0809239760247067,0.8810449170277075
5.817064046859741,2.4023677336385276,-1.148179791917066,0.5180575255416493
5.817489147186279,2.78020558323783,-1.02117155473411,0.6066186901249424
5.819307088851929,3.1074794442549205,-0.9266225458781392,0.34972007538833627
5.825614929199219,3.641282407206461,-0.6827370559763182,0.46406930388276924
5.834567070007324,4.454972099792201,-0.4879006318135666,0.29914252216353465
5.836133003234863,5.742650674950994,-0.2612934917180709,0.2364212727908559
5.862086057662964,6.73843482995909,-1.6124715365100215,-5.506341523293849
5.863476991653442,10.185564362968364,0.6739773061405714,2.181810785937315
5.864000082015991,12.84599156547091,0.6941196213236012,1.8218880552774046
5.893299102783203,15.622038509791082,0.5718471329568473,1.193478369465484
5.894196033477783,18.292798316423216,0.446071786823552,0.7949811008284222
5.897101163864136,20.54511940638372,0.34974362726521946,0.6969669458590133
5.897874116897583,22.039614047147552,0.2499247308000605,0.6922369187284645
5.906296968460083,22.426698883463246,-0.0055651450341116515,0.11126456442899557
5.907010078430176,21.74277776246396,-0.008782866729482919,0.3163014221952942
5.9099061489105225,19.85195198053816,0.1029227623825335,0.6869340667142467
5.9269700050354,16.422669465251943,-0.41807534422723336,-1.5977607238079343
5.9288389682769775,12.451195281842558,-0.03682411716955869,-0.9878849544919965
5.944646120071411,7.915379844087738,0.6589069074440772,0.3751010440038407
5.955219030380249,2.9660735358111197,1.2732133192715054,1.1059884051793596
5.957396030426025,-2.1395866340695875,1.54981514019601,0.37889267462182663
5.958778142929077,-6.636800596099306,2.2112132073800765,0.974406387894905
5.972121953964233,-11.590059882457183,0.6082643997346295,-6.613404833074584
5.972758054733276,-14.417139776586566,1.144890976509302,-6.164021406964975
5.988023996353149,-14.69184537958489,4.327424474052947,4.295587782920442
5.988708019256592,-15.360958604340567,4.46992536075112,4.104443153035869
6.002735137939453,-14.867788971526636,4.592392733257462,4.317608049832102
6.003414154052734,-13.429871325985516,4.508701403245254,4.244874678449899
6.018183946609497,-12.618724394943058,1.5879468076058743,-5.764916805406767
6.0213329792022705,-9.781243077027,1.2798776829073333,-5.9106443035706
6.036635160446167,-5.255998969204484,3.4181664787770956,3.1006446791240085
6.037301063537598,-1.9779101665120606,2.9331272941193305,2.6673286884100653
6.0500640869140625,1.2412306094115024,2.5358999329751057,2.5840904648761684
6.05092716217041,2.430265984069649,-1.104951319607764,-9.384322584406217
6.071211099624634,6.515799611482464,1.641853928268219,1.8440200523831287
6.07210898399353,8.375722779073726,1.2606446189912432,1.5152915286713615
6.081200122833252,9.72644811900858,1.0416693232360998,1.6186294623062836
6.084105968475342,10.518475954612313,0.7904133945196037,1.4429162455711755
6.093938112258911,10.925276023919878,0.6101797109470724,1.3709865764024258
6.095628023147583,11.106176436152282,0.48961864884203976,1.368843785413833
6.10885214805603,11.493370776088,0.8977249831519742,3.1529736530974857
6.110909938812256,11.339481439681265,0.093150622948599,0.3726258195232959
6.113892078399658,10.48474722921128,-2.474760454588619,-8.979173911153872
6.128062963485718,12.650270249412472,0.10951016385052981,0.33477022661834543
6.1289451122283936,13.752192960026207,0.12266234180034985,0.14896835993096436
6.142776966094971,15.286098241513287,0.532119116615398,1.3149338644310682
6.152497053146362,16.696043954546326,0.51663658207206,0.8738882353143744
6.160167932510376,18.07657220317418,0.5322319097790498,0.5391486993919259
6.162161111831665,19.326241997609316,0.6547784926814373,0.6456106044999637
6.18313193321228,20.167608725957336,0.5683857268458468,0.10192253953942232
6.186413049697876,20.722356338219413,0.6194667913625196,0.2295339947483328
6.191089153289795,20.844827871937298,0.540903170244853,0.10045439258944033
6.191728115081787,20.62116522877608,0.4053572907995431,0.008553270547749792
6.206926107406616,20.178637847197194,0.293017356643702,0.2516313135644055
6.207482099533081,19.602538268831495,0.17757559757563257,0.7117252938363727
6.220911979675293,18.546330132845696,-0.7623177496186813,-1.6581935451340228
6.221960067749023,17.841634427907877,-1.0492360839299195,-1.5444750880159581
6.257394075393677,17.166170662914,-1.2890817003319839,-1.2564781416052078
6.289590120315552,16.39468022338724,-1.6014561493811996,-1.343900254533296
6.290387153625488,15.64212818774547,-1.5502596216809152,-0.3342653207899928
6.290814161300659,14.317068534633506,-1.9720506062749195,-1.3930687799296961
6.300188064575195,12.94571084105604,-1.5776084992826043,0.08703116488547669
6.300697088241577,10.863242246954712,-1.3865473087561213,0.31758752015980396
6.301700115203857,8.227344926814737,-0.9770394529746724,0.8076225633720278
6.3024351596832275,5.003282136218161,-0.45436627961842646,1.1890876154348462
6.312349081039429,1.1756288761654332,-0.0727715193652898,0.6006452828897253
6.318732023239136,-2.802311493198488,0.6233689207453494,0.8202046316953997
6.3278419971466064,-6.768581685968684,1.400189753298406,1.1523925146526424
6.3322131633758545,-10.422186136972414,2.215014388937597,1.628852458197904
6.3577001094818115,-14.878855504163994,0.35262675715740954,-7.458042698661644
6.359372138977051,-15.435798729644887,4.205274241313425,4.701390857519452
6.3633739948272705,-18.77186521683518,0.7792884690145172,-9.13991353409505
6.366814136505127,-17.079443335029794,4.709237510801174,4.5280466511998645
6.381377935409546,-17.956865816598736,1.677539091946258,-6.475802996533134
6.382533073425293,-14.824447690972761,4.399176243771393,4.234360316400067
6.392266035079956,-12.563181951540628,4.039598514203149,4.357392760791021
6.395750045776367,-9.875790892253235,3.5523274713170565,4.544357756059912
6.398220062255859,-7.460107661988559,2.1529403473633906,1.7593428833747204
6.411839962005615,-6.0500670105751055,-1.0131563538561252,-7.327796786116704
6.422246932983398,-2.0882462597368203,1.296019068600728,3.4683271378683065
6.424607992172241,-0.20808129367594574,0.775284457838957,3.5989461337892505
6.4410810470581055,0.8436342511266162,0.21500964468462058,3.0076782353422713
6.442218065261841,-0.6562681077304546,-3.2885396301640526,-9.104998279808708
6.461004972457886,0.015012080859946764,-0.5165072351297226,0.7477954815859598
6.4620020389556885,-2.947638707686224,-2.2959378845019813,-7.005672856174866
6.4673449993133545,-4.663345809583859,0.6150253632385869,1.3837782402408962
6.471251964569092,-8.599570260852545,1.4453019425907883,1.3487149447833524
6.484904050827026,-12.931301252119113,3.20131123099884,4.098531424437222
6.485757112503052,-18.040737786294983,4.467174208586798,4.790962838974198
6.502274036407471,-23.259459691017696,5.615438297888012,5.157808054980886
6.503055095672607,-28.077027927814015,6.611638680287385,5.449397848242689
6.521485090255737,-33.79138134221745,4.0229145559301855,-6.529409220098626
6.522272109985352,-36.440629571710076,4.550434468094458,-6.091456126905482
6.527917146682739,-37.2655541921398,5.3613650239948925,-3.461100610168036
6.552917957305908,-36.881604653760974,5.216358074107546,-3.1902685952485372
6.553307056427002,-35.11173819733102,4.811516193638212,-2.904207182818415
6.559760093688965,-32.46539823183372,3.9255219130972634,-3.682919006482277
6.5771870613098145,-28.153644082763435,5.053660094055097,3.241019978644938
6.582998037338257,-24.666176105347574,4.572475470343534,4.297469817146999
6.590538024902344,-21.839250902921037,3.7868916657271967,3.9349581557311266
6.597794055938721,-19.771426643409654,3.251175454704395,3.9413063130863035
6.6029441356658936,-18.70469283440599,2.8891970145954815,3.9078539185653893
6.605762004852295,-18.788281357177766,2.4085411444689484,2.747429425596482
6.646717071533203,-20.607594127535947,0.3387657234575414,-4.825382053673679
6.648612976074219,-22.21494088151894,-0.25001867901436015,-7.454613135912923
6.64965295791626,-23.172079939659056,0.7293123704251059,-4.626218273148273
6.673298120498657,-22.833018243260597,3.7643332366615923,5.641527367908483
6.673828125,-24.930910492452142,1.1700209122236274,-4.512119302122401
6.675786018371582,-23.33108762197827,4.132872695426094,5.85895705473263
6.677483081817627,-23.89891858844163,1.3422183299175998,-4.440417445670886
6.685322999954224,-20.723206911384295,3.994244273693745,5.450913329796857
6.6907689571380615,-18.293317146565244,3.77225070507685,5.145693301691074
6.7050721645355225,-16.776791265205247,0.6685823126416892,-5.469539972194171
6.705831050872803,-12.248838532805564,2.4995541548988456,2.010882909312829
6.715471982955933,-8.494914907193788,2.5192921792841716,2.849798582299079
6.72174596786499,-5.116443440667467,1.9078251020900936,1.2293811695244188
6.727327108383179,-1.781339270146077,1.7076967563007912,0.8417232009214175
6.739359140396118,-0.01698941550210975,-0.5788903053158094,-7.518980275960371
6.7463600635528564,3.784576012321338,2.244160875879224,2.3355851977002358
6.753890037536621,5.332656770899405,2.376784480660959,1.910847602768466
6.758460998535156,4.43526442795735,-0.2916083793560418,-9.19430999722811
6.773245096206665,5.693522532591089,3.09360890564664,1.3738006477606668
6.775766134262085,4.4696209225850225,3.7431823203625,1.6442454128474602
6.790575981140137,2.3034726378131154,4.370618944143587,1.6658401322566043
6.7925331592559814,-0.5372764292125112,5.068608868196577,1.9710258051848222
6.80097508430481,-3.774298765498429,5.749793291829363,2.4669295307813384
6.81718897819519,-7.041636236629131,6.343040075281998,3.1282750660576353
6.819478988647461,-11.34037053647205,4.127013411861206,-5.761475397867536
6.82975697517395,-12.287076795534006,6.624821003631183,3.4035879760075067
6.8396689891815186,-14.901881957188664,3.7282376370900607,-6.184738734119368
6.8496339321136475,-13.548472045657434,5.7782834428344,3.168840922119837
6.851585149765015,-13.651612128860222,2.5188938107960652,-6.104141446101555
6.869924068450928,-9.9429024576786,4.296360380469558,3.4918314958815797
6.872174024581909,-8.381429022229213,0.5182896908500112,-7.022080661725163
6.879441022872925,-3.464241488106495,2.5114084928341924,3.310468570012893
6.8846189975738525,-0.2241411121543706,1.7407551096233362,2.990577960997032
6.892171144485474,2.093643352040374,0.5580666919719874,0.3015339765447387
6.90337610244751,3.978330357034565,0.5968407521813361,1.0110617652863276
6.909470081329346,4.670928713217791,0.7994689153795136,1.2027550500366637
6.912519931793213,4.177540558026976,1.1682824913787542,0.9724495058784506
6.924389123916626,2.7454802411560877,1.7756838544853935,0.8059335220841632
6.92664909362793,0.601580133191078,2.332424689468482,-0.026804575124640406
6.939358949661255,-1.2884251725010927,3.7397256334752456,2.1455453350126517
6.944016933441162,-4.811480619627389,1.4356976492787084,-8.934166168232249
6.9533751010894775,-4.436466757317078,4.991520997733609,1.993155578939095
6.962162017822266,-4.584223030610815,5.361401525848557,2.168976676264303
6.969274044036865,-5.313653136229277,2.0746144073468358,-9.99867933125784
6.971451044082642,-1.3455439565103688,5.124688951008075,1.9496515556164795
6.989109039306641,1.779493683375449,4.365305096016591,0.8754987161524383
6.990549087524414,5.708165308423759,3.535343121072934,0.21168812842764884
7.002840995788574,10.220850639506182,3.018708254802263,1.0973969207193932
7.010622978210449,14.453876564538689,2.0407306349965495,0.43159904465040744
7.066520929336548,18.376035668997645,1.3478857276924785,0.6866682666362884
7.06821608543396,21.410863020916224,0.502202343635453,0.06538505868798627
7.076957941055298,23.473107934935854,-0.22479287733801812,-0.5711114387054586
7.081347942352295,24.588513955743338,-0.6058593300737272,-0.4471863750533245
7.082204103469849,24.669469069329466,-0.8828861118513274,-0.4269282752105539
7.097273111343384,23.972775819053822,-0.8711998037525674,0.24121606265650475
7.1016740798950195,22.20655335108421,-1.5993435813251935,-2.076828969946537
7.115190029144287,20.431718620401966,-1.644723015816723,-2.0527016116276338
7.115756034851074,19.09096537715874,-0.7946062357132391,1.2250031557402032
7.130850076675415,17.46468251792163,-1.0064272253229447,0.7267214802004454
7.134287118911743,16.473514448686274,-1.0379887379133095,1.0572703992946224
7.142574071884155,16.112329394895653,-1.250203616619487,0.9213356043890315
7.14308500289917,16.563323069012426,-1.4568939132534524,0.9634687988658073
7.159484148025513,17.471828095847968,-2.268185309572914,-1.1315392821042678
7.161438941955566,19.2611834662315,-2.5926468381136303,-1.5163018144916343
7.165971040725708,21.62400316762779,-2.5073081489347544,-0.6371743074849803
7.177570104598999,24.06899972345002,-2.261004848052032,0.4221185435528334
7.19231104850769,25.85360054949325,-2.4652174162673717,-0.7328015739579008
7.197628974914551,27.043741747836748,-2.1723976858985523,-0.7721498399458688
7.20582914352417,27.038355438162796,-1.7683577241075525,-1.1738722850526855
7.210324048995972,25.68340080568288,-0.9663616833325861,-0.8890812548596159
7.21069598197937,22.678477780735875,-0.024737357109913205,-0.7765330424033372
7.221292018890381,18.139719364316477,1.2474437177156261,0.023452876313881932
7.2352869510650635,12.10554859256888,2.519833372678235,0.5355187685697544
7.255692958831787,5.088972837158735,3.998588861667457,1.7859608049180082
7.258208990097046,-2.5789462685794433,5.24808653302545,2.4726647293941424
7.259489059448242,-10.178955862724592,6.38494088318879,3.2855526587609516
7.272741079330444,-17.121190938921814,7.251392505099901,3.854304894362172
7.288578987121582,-24.475455284273096,4.689382876999765,-7.2285242997546115
7.2900331020355225,-28.477900662021568,4.9946484425593525,-6.988487902024681
7.299745082855225,-30.538083292627846,5.094272462452608,-6.748825733395166
7.301548957824707,-28.994775335950862,8.212455460535693,5.040307946286808
7.310768127441406,-29.04091392836125,5.062798503063007,-5.78800318478243
7.318447113037109,-24.81182225936442,7.664095575269997,4.306229873646973
7.331835031509399,-21.325137101518294,7.6531361296098765,4.523743801039173
7.3357391357421875,-19.231190251939665,4.970696451191387,-5.561365243587912
7.340873956680298,-14.828331332192533,7.649273851411159,3.2639858896278104
7.347569942474365,-12.618476654535527,7.891312663370357,2.5949122243648537
7.3648130893707275,-11.861684456121736,7.425910179920194,-1.074798290841916
7.365380048751831,-11.089680085391365,8.937157213922347,2.3516406333047604
7.390067100524902,-11.60129442291094,9.493574578670582,2.5586683938558528
7.39172101020813,-14.11360364212345,6.999767114422838,-7.700383598434372
7.424435138702393,-13.776315475191609,9.7921967524411,2.3413180966026514
7.42520809173584,-16.1175207268314,6.627387661718252,-8.100525143184612
7.426713943481445,-14.848476305607676,8.863721827534405,2.487150105527628
7.461437940597534,-14.678074804028142,7.39336054877991,0.7445052059159274
7.462522029876709,-14.747582577686842,4.062582660857849,-6.929408231824973
7.47291898727417,-13.350077232113506,2.7229074762926615,-7.003249715669225
7.474050045013428,-10.643167295627393,4.006561198566466,2.1790609155211156
7.474684953689575,-9.722186327133954,3.1434842154664793,2.5136703885236207
7.476315975189209,-9.80779400042519,2.6680970030943882,2.594328823545058
7.482922077178955,-11.364617342352176,2.531590661435608,1.7357311653927276
7.493952035903931,-13.963356085848659,3.977536053824771,4.201131893696103
7.499040126800537,-19.95647787317847,2.4665020480447595,-6.551562580043577
7.509428024291992,-25.670001448303196,4.309648708793027,-7.157878444002223
7.522665023803711,-30.258083857740246,9.948977193597564,4.6293675345723555
7.523580074310303,-36.523907228869064,12.528891578313242,4.66253003999753
7.527601003646851,-41.94845402430451,15.074612030355969,4.97110819320855
7.534893035888672,-47.28189265908975,14.46719015451885,-4.836188169150412
7.55375599861145,-49.379874865103375,15.255926308616136,-7.312749453727602
7.558454990386963,-48.542290530288426,15.986615883201669,-7.177722764978907
7.566282033920288,-44.91171436835339,16.17276316034618,-5.966551842326152
7.572757959365845,-39.01259709473317,15.32966961050311,-5.588919209136134
7.584329128265381,-30.18979424367501,15.874700951868945,2.27712423969406
7.600729942321777,-21.675719768696126,13.376073271715768,0.6847048805032181
7.6076719760894775,-13.351201471968807,10.022903058042203,-3.3190776073111623
7.6134419441223145,-4.758091301128445,8.649875130060423,-0.3587894849997013
7.629035949707031,2.0261153867709822,7.028617675470386,0.5739954149212381
7.62954306602478,6.583983836370351,5.589450961553538,0.4042112428337099
7.635520935058594,8.877799322464739,4.852753105741478,0.6743267943134363
7.643962144851685,8.838432564414518,4.600990988951565,0.5504992882110955
7.645025014877319,6.88540357958243,4.912873653898714,0.575913937060853
7.651836156845093,3.6133955147491292,5.707928342945117,0.9483309991433828
7.66154408454895,-0.590657925390019,6.223926557896874,-0.4766156900377616
7.669098138809204,-5.140472537685298,6.020156879675135,-4.628488633392583
7.674962997436523,-8.721412087202111,6.203172844731043,-6.84967571425996
7.681283950805664,-10.898429513441101,6.562497807302464,-7.4263139038792305
7.6903159618377686,-10.5374850613195,8.667588760507691,-0.33858762725217484
7.697504043579102,-9.576153752962057,8.755259864063667,0.7740696263140621
7.710762977600098,-7.290520566847192,8.531485674239974,2.0418289215670375
7.717004060745239,-4.272608686376486,7.532240200716089,1.5345422981928245
7.726985931396484,-0.5888409008970257,6.470388692683315,1.5277987458983688
7.733258962631226,3.278046160957217,5.311271326327187,1.537893667601746
7.7406840324401855,5.828291474131902,2.014969995809679,-6.21809057235036
7.74403715133667,10.13043619679513,3.0241874877607273,1.4794875009656245
7.757385969161987,12.39773501562496,1.5915863625894247,-0.1997446648190333
7.760113954544067,14.154463776190198,0.8030594583833803,-0.1273898984480233
7.769859075546265,15.165778520089361,0.21390183467551793,0.020643110677844634
7.793606996536255,14.877787687503144,-1.3837783421888261,-4.151215955698093
7.836805105209351,15.2661552134727,-0.5170789588946363,0.08787164432211303
7.8387861251831055,14.684561447226827,-0.6258158904773694,0.2781404340016771
7.83920693397522,13.858288808414557,-0.6693737969051625,0.32173983971872677
7.841000080108643,12.953161448646028,-0.638284064676732,0.3600819531937447
7.841762065887451,11.944380659710191,-0.8289061031336971,-0.5902700510931431
7.843647003173828,11.382669076157356,-0.37575251946667976,0.7094768724482734
7.847831964492798,10.130775981610157,-1.5282541886605898,-3.8890551543558063
7.852960109710693,10.372256242981337,-0.1683149841937066,0.6727967216423167
7.853583097457886,10.09247722805452,-0.05194130199681268,0.6989346677925028
7.858165979385376,9.902141239541379,0.09504976629531114,0.822785485766935
7.866199016571045,9.726533661021108,0.29087916558921023,1.07694734180837
7.875126123428345,8.361946087630201,-1.5638510118684223,-6.243124103021299
7.883051156997681,8.880474757484649,0.5219252465361066,0.6750582056555132
7.886237144470215,8.200566870412558,0.8611363794218576,1.0446962788463943
7.890913963317871,7.136739611529151,1.0915574152712324,0.8233697425394333
7.914113998413086,5.699693591721257,1.2606538650344987,0.1939576560392695
7.914824962615967,3.574082419932836,0.7202258934069832,-3.166471262062225
7.919928073883057,2.189074051147486,2.046451669730473,0.21555626610592715
7.927096128463745,0.2204505196123705,2.535756663908174,0.5761224520636816
7.932143926620483,-1.864134061535708,2.830435489602678,0.3733483991903974
7.932898044586182,-3.8145080612144966,3.142887027571909,0.4952791025496659
7.935265064239502,-5.977043452993314,2.5694031414746163,-2.261890854433255
7.9557249546051025,-7.300369982728455,2.8946845426233736,-1.3295984570929498
7.9648661613464355,-8.462175698037015,2.693180055375059,-1.9000843986663625
7.965708017349243,-9.090984707879613,2.596343808426049,-1.711684313895845
7.9731810092926025,-9.325362139266076,2.3337507419351553,-1.8376476942070148
7.977203130722046,-8.436937721101856,3.320287317990342,2.769381493407187
7.9798500537872314,-7.780832455834968,3.044717853537243,2.8257648588785065
7.987030029296875,-7.822984328104155,0.6736497695465431,-4.81357609231607
7.995037078857422,-5.220915720128403,2.5648064067447294,2.979335974870941
8.00563907623291,-3.5553217205398937,1.9536024674696293,1.5012429828786467
8.011186122894287,-1.3627683140749696,1.6289520171306293,0.9505833078495514
8.021775960922241,1.2539367223722024,1.452523719550669,0.8784854391719101
8.029478073120117,3.0432861685006856,-0.8123370506204068,-6.80789221513809
8.041794061660767,7.115414725244364,0.9631746096293128,0.30747125984865353
8.052576065063477,10.019544937643104,0.6096154849052553,-0.2658831750367454
8.056272983551025,12.643033651661426,0.28070925438830585,-0.7015143121996743
8.06516408920288,14.721140708798146,0.01940737638737744,-0.9283512562578877
8.076488971710205,16.1178104848031,0.11835189358507847,-0.009275878822351258
8.080634117126465,16.32852314009301,0.10041980231383718,0.15958234509600833
8.09735894203186,15.365912932406218,0.316354370228197,0.7056285509543045
8.104140996932983,13.112850228082777,0.6546330661304225,1.1030475169823923
8.104887962341309,9.29317039097532,0.446539107746986,-1.14583981376649
8.118967056274414,5.05427241524842,1.4569894565585955,0.4217994115934822
8.137282133102417,0.005133901066642466,2.30894014526465,0.895357368919597
8.139533996582031,-5.441164867209636,2.983557527442038,0.4055278900033408
8.145439147949219,-11.320122332983772,2.5385749906172563,-4.217955131225431
8.150099039077759,-16.183117368711635,2.8677324352995583,-5.758331053081986
8.15627408027649,-18.509205031069143,6.123873953087049,3.9506955340981653
8.181580066680908,-21.981597764867217,4.8065324693401195,-2.17851607390912
8.222754955291748,-23.172841467208343,5.122464141879604,-1.2895989594935677
8.223390102386475,-23.64357256620997,4.093379227425359,-4.132231483509757
8.23495101928711,-21.76817263574509,5.00936307908006,1.305285308447121
8.235818147659302,-19.71539633083495,4.163973379394811,1.3958445443888003
8.236729145050049,-16.985195954926326,3.021899260198161,1.2779763273682747
8.241498947143555,-14.410937711461372,0.567355050128242,-3.040525821654442
8.25631594657898,-10.418337354744779,0.3155119013094989,0.9280393050181239
8.261374950408936,-6.992373198974633,-1.0417557517409861,0.7585867927287133
8.268480062484741,-3.6166943431675804,-2.2018452302144382,0.866051391987017
8.275336980819702,-0.4151410562143951,-3.216731351453184,0.7732407359346667
8.286633014678955,2.461393327191047,-4.3289057167569,-0.615588966387915
8.289134979248047,5.409850002252995,-4.861347659435488,-0.9473325576230287
8.303941011428833,8.615639141933514,-4.620187681850545,0.4689405282284682
8.305357933044434,11.641965881448755,-4.630465311954829,-0.026802203165485095
8.312493085861206,14.914485428815794,-4.283558694171617,-0.05205610585757081
8.314828157424927,18.515157776885644,-3.584111376269597,0.5981898335623328
8.317615985870361,22.19286809485135,-3.103076203518029,0.09593325867594804
8.330703020095825,26.13551468932866,-2.501153268837804,-0.06100518766928498
